date, pm25, pm10, o3, no2, so2, co
2026/3/1, 48, 28, , 28, , 
2026/3/2, 55, 37, , 32, , 
2026/3/3, 66, 36, , 30, , 
2026/3/4, 65, 45, , 33, , 
2026/3/5, 69, 55, , 31, , 
2026/3/6, 86, 54, , 21, , 
2026/3/7, 107, 49, , 21, , 
2026/3/8, 120, 42, , 25, , 
2026/3/9, 73, 20, , 19, , 
2026/3/10, 44, 16, , 11, , 
2026/3/11, 37, 28, , 20, , 
2026/3/12, 41, 15, , 17, , 
2026/3/13, 30, 8, , 9, , 
2026/3/14, 22, 18, , 18, , 
2026/3/15, 40, 22, , 9, , 
2026/3/16, 41, 37, , 26, , 
2026/3/17, 55, 128, , 22, , 
2026/3/18, 93, , , , , 
2026/2/1, 54, 20, , 26, , 
2026/2/2, 45, 15, , 23, , 
2026/2/3, 42, 22, , 24, , 
2026/2/4, 41, 15, , 26, , 
2026/2/5, 40, 18, , 25, , 
2026/2/6, 43, 27, , 27, , 
2026/2/7, 52, 27, , 28, , 
2026/2/8, 52, 27, , 20, , 
2026/2/9, 51, 15, , 23, , 
2026/2/10, 34, 13, , 13, , 
2026/2/11, 32, 11, , 7, , 
2026/2/12, 24, 23, , 29, , 
2026/2/13, 50, 23, , 19, , 
2026/2/14, 65, 22, , 21, , 
2026/2/15, 61, 15, , 6, , 
2026/2/16, 35, 20, , 14, , 
2026/2/17, 38, 16, , 23, , 
2026/2/18, 40, 9, , 16, , 
2026/2/19, 24, 16, , 11, , 
2026/2/20, 37, 10, , 8, , 
2026/2/21, 21, 7, , 9, , 
2026/2/22, 16, 11, , 10, , 
2026/2/23, 19, 22, , 21, , 
2026/2/24, 34, 31, , 26, , 
2026/2/25, 51, 35, , 24, , 
2026/2/26, 65, 27, , 23, , 
2026/2/27, 52, 16, , 12, , 
2026/2/28, 36, 20, , 22, , 
2026/1/1, 96, 13, , 12, , 
2026/1/2, 33, 16, , 16, , 
2026/1/3, 42, 26, , 23, , 
2026/1/4, 58, 29, , 23, , 
2026/1/5, 76, 37, , 27, , 
2026/1/6, 96, 22, , 21, , 
2026/1/7, 51, 19, , 25, , 
2026/1/8, 45, 10, , 5, , 
2026/1/9, 18, 11, , 6, , 
2026/1/10, 24, 23, , 20, , 
2026/1/11, 47, 11, , 15, , 
2026/1/12, 26, 32, , 25, , 
2026/1/13, 43, 35, , 27, , 
2026/1/14, 55, 25, , 22, , 
2026/1/15, 27, 23, , 25, , 
2026/1/16, 39, 24, , 24, , 
2026/1/17, 60, 28, , 20, , 
2026/1/18, 66, 39, , 16, , 
2026/1/19, 76, 29, , 18, , 
2026/1/20, 62, 21, , 19, , 
2026/1/21, 39, 28, , 24, , 
2026/1/22, 43, 18, , 26, , 
2026/1/23, 35, 23, , 26, , 
2026/1/24, 44, 21, , 21, , 
2026/1/25, 50, 24, , 20, , 
2026/1/26, 47, 16, , 26, , 
2026/1/27, 44, 35, , 32, , 
2026/1/28, 64, 36, , 26, , 
2026/1/29, 67, 29, , 26, , 
2026/1/30, 56, 23, , 28, , 
2026/1/31, 57, 18, , 24, , 
2025/10/1, 55, 29, , 27, , 
2025/10/2, 57, 28, , 26, , 
2025/10/3, 57, 15, , 7, , 
2025/10/4, 23, 16, , 4, , 
2025/10/5, 29, 20, , 9, , 
2025/10/6, 30, 30, , 22, , 
2025/10/7, 57, 26, , 20, , 
2025/10/8, 58, 20, , 20, , 
2025/10/9, 38, 28, , 21, , 
2025/10/10, 51, 25, , 20, , 
2025/10/11, 59, 26, , 20, , 
2025/10/12, 61, 27, , 20, , 
2025/10/13, 57, 31, , 17, , 
2025/10/14, 70, 57, , 19, , 
2025/10/15, 58, 24, , 22, , 
2025/10/16, 44, 25, , 25, , 
2025/10/17, 46, 21, , 23, , 
2025/10/18, 42, 24, , 21, , 
2025/10/19, 56, 15, , 19, , 
2025/10/20, 32, 17, , 18, , 
2025/10/21, 30, 19, , 22, , 
2025/10/22, 32, 13, , 7, , 
2025/10/23, 19, 14, , 14, , 
2025/10/24, 26, 10, , 7, , 
2025/10/25, 19, 10, , 3, , 
2025/10/26, 13, 12, , 7, , 
2025/10/27, 28, 12, , 14, , 
2025/10/28, 28, 17, , 22, , 
2025/10/29, 37, 22, , 22, , 
2025/10/30, 41, 24, , 24, , 
2025/10/31, 48, 15, , 20, , 
2025/11/1, 38, 15, , 12, , 
2025/11/2, 36, 22, , 22, , 
2025/11/3, 43, 26, , 24, , 
2025/11/4, 45, 24, , 25, , 
2025/11/5, 38, 25, , 28, , 
2025/11/6, 45, 25, , 25, , 
2025/11/7, 49, 21, , 18, , 
2025/11/8, 50, 20, , 17, , 
2025/11/9, 46, 18, , 19, , 
2025/11/10, 38, 20, , 21, , 
2025/11/11, 42, 27, , 27, , 
2025/11/12, 48, 29, , 29, , 
2025/11/13, 49, 50, , 32, , 
2025/11/14, 63, 23, , 24, , 
2025/11/15, 47, 19, , 18, , 
2025/11/16, 53, 17, , 13, , 
2025/11/17, 29, 29, , 21, , 
2025/11/18, 47, 13, , 13, , 
2025/11/19, 31, 11, , 9, , 
2025/11/20, 28, 18, , 19, , 
2025/11/21, 51, 34, , 21, , 
2025/11/22, 85, 17, , 20, , 
2025/11/23, 45, 18, , 19, , 
2025/11/24, 31, 13, , 9, , 
2025/11/25, 24, 20, , 16, , 
2025/11/26, 34, 28, , 25, , 
2025/11/27, 61, 16, , 20, , 
2025/11/28, 41, 13, , 17, , 
2025/11/29, 29, 17, , 13, , 
2025/11/30, 36, 28, , 22, , 
2025/12/1, 49, 24, , 22, , 
2025/12/2, 34, 23, , 25, , 
2025/12/3, 40, 24, , 24, , 
2025/12/4, 42, 32, , 24, , 
2025/12/5, 57, 18, , 17, , 
2025/12/6, 33, 14, , 16, , 
2025/12/7, 29, 20, , 17, , 
2025/12/8, 28, 26, , 22, , 
2025/12/9, 41, 34, , 22, , 
2025/12/10, 55, 27, , 20, , 
2025/12/11, 48, 39, , 20, , 
2025/12/12, 55, 32, , 17, , 
2025/12/13, 70, 21, , 15, , 
2025/12/14, 48, 25, , 19, , 
2025/12/15, 48, 33, , 27, , 
2025/12/16, 54, 27, , 16, , 
2025/12/17, 49, 25, , 20, , 
2025/12/18, 35, 24, , 18, , 
2025/12/19, 37, 25, , 23, , 
2025/12/20, 55, 18, , 18, , 
2025/12/21, 51, 31, , 20, , 
2025/12/22, 55, 28, , 14, , 
2025/12/23, 62, 18, , 13, , 
2025/12/24, 37, 19, , 11, , 
2025/12/25, 46, 31, , 17, , 
2025/12/26, 73, 32, , 18, , 
2025/12/27, 79, 24, , 18, , 
2025/12/28, 63, , , , , 
2025/7/1, 57, 35, , 13, , 
2025/7/2, 49, 24, , 15, , 
2025/7/3, 48, 23, , 18, , 
2025/7/4, 31, 17, , 5, , 
2025/7/5, 31, 13, , 13, , 
2025/7/6, 31, 14, , 5, , 
2025/7/7, 24, 15, , 6, , 
2025/7/8, 23, 27, , 24, , 
2025/7/9, 45, 33, , 28, , 
2025/7/10, 46, 28, , 24, , 
2025/7/11, 41, 26, , 24, , 
2025/7/12, 49, 26, , 18, , 
2025/7/13, 40, 20, , 3, , 
2025/7/14, 29, 21, , 5, , 
2025/7/15, 36, 22, , 3, , 
2025/7/16, 28, 23, , 19, , 
2025/7/17, 34, 25, , 27, , 
2025/7/18, 45, 24, , 19, , 
2025/7/19, 44, 17, , 15, , 
2025/7/20, 30, 16, , 13, , 
2025/7/21, 30, 13, , 5, , 
2025/7/22, 20, 16, , 16, , 
2025/7/23, 31, 16, , 9, , 
2025/7/24, 36, 18, , 10, , 
2025/7/25, 40, 16, , 3, , 
2025/7/26, 34, 11, , 3, , 
2025/7/27, 22, 17, , 5, , 
2025/7/28, 34, 17, , 6, , 
2025/7/29, 33, 22, , 10, , 
2025/7/30, 35, 13, , 4, , 
2025/7/31, 25, 13, , 2, , 
2025/8/1, 25, 15, , 7, , 
2025/8/2, 26, 13, , 6, , 
2025/8/3, 27, 12, , 6, , 
2025/8/4, 19, 17, , 2, , 
2025/8/5, 29, 24, , 18, , 
2025/8/6, 31, 25, , 24, , 
2025/8/7, 39, 26, , 14, , 
2025/8/8, 41, 21, , 5, , 
2025/8/9, 36, 19, , 14, , 
2025/8/10, 24, 28, , 22, , 
2025/8/11, 56, 33, , 22, , 
2025/8/12, 51, 42, , 28, , 
2025/8/13, 63, 34, , 14, , 
2025/8/14, 62, 16, , 11, , 
2025/8/15, 30, 26, , 12, , 
2025/8/16, 53, 20, , 12, , 
2025/8/17, 39, 25, , 16, , 
2025/8/18, 41, 32, , 21, , 
2025/8/19, 46, 30, , 16, , 
2025/8/20, 57, 24, , 9, , 
2025/8/21, 31, 16, , 11, , 
2025/8/22, 24, 18, , 11, , 
2025/8/23, 28, 18, , 18, , 
2025/8/24, 37, 26, , 28, , 
2025/8/25, 44, 27, , 21, , 
2025/8/26, 42, 22, , 16, , 
2025/8/27, 30, 17, , 11, , 
2025/8/29, 31, 15, , 13, , 
2025/8/30, 30, 14, , 15, , 
2025/8/31, 33, 15, , 16, , 
2025/9/1, 27, 16, , 18, , 
2025/9/2, 29, 21, , 14, , 
2025/9/3, 30, 15, , 14, , 
2025/9/4, 27, 13, , 10, , 
2025/9/5, 24, 16, , 21, , 
2025/9/6, 34, 19, , 21, , 
2025/9/7, 36, 14, , 6, , 
2025/9/8, 20, 20, , 20, , 
2025/9/9, 37, 21, , 21, , 
2025/9/10, 37, 14, , 10, , 
2025/9/11, 24, 16, , 12, , 
2025/9/12, 26, 12, , 14, , 
2025/9/13, 26, 12, , 13, , 
2025/9/14, 26, 14, , 4, , 
2025/9/15, 22, 14, , 7, , 
2025/9/16, 23, 20, , 17, , 
2025/9/17, 29, 26, , 22, , 
2025/9/18, 48, 30, , 35, , 
2025/9/19, 55, 25, , 26, , 
2025/9/20, 51, 14, , 13, , 
2025/9/21, 30, 18, , 16, , 
2025/9/22, 29, 16, , 17, , 
2025/9/23, 33, 13, , 17, , 
2025/9/24, 31, 20, , 17, , 
2025/9/25, 43, 20, , 19, , 
2025/9/26, 51, 17, , 18, , 
2025/9/27, 41, 17, , 20, , 
2025/9/28, 43, 24, , 24, , 
2025/9/29, 48, 20, , 20, , 
2025/9/30, 37, 27, , 25, , 
2025/4/1, 38, 24, , 21, , 
2025/4/4, 48, 27, , 32, , 
2025/4/5, 50, 24, , 17, , 
2025/4/6, 47, 29, , 27, , 
2025/4/7, 36, 38, , 32, , 
2025/4/8, 54, 43, , 25, , 
2025/4/9, 67, 38, , 22, , 
2025/4/10, 68, 40, , 29, , 
2025/4/11, 66, 37, , 30, , 
2025/4/12, 54, 21, , 15, , 
2025/4/13, 48, 31, , 28, , 
2025/4/14, 55, 34, , 20, , 
2025/4/15, 36, 24, , 20, , 
2025/4/16, 34, 55, , 28, , 
2025/4/17, 49, 30, , 24, , 
2025/4/18, 44, 17, , 21, , 
2025/4/19, 31, 14, , 20, , 
2025/4/20, 32, 10, , 14, , 
2025/4/21, 26, 26, , 25, , 
2025/4/22, 49, , , 19, , 
2025/4/23, 36, 32, , 14, , 
2025/4/24, 51, 32, , 23, , 
2025/4/25, 66, 28, , 23, , 
2025/4/26, 66, 33, , 19, , 
2025/4/27, 73, 37, , 26, , 
2025/4/28, 68, 36, , 33, , 
2025/4/29, 53, 41, , 42, , 
2025/4/30, 52, 32, , 30, , 
2025/5/1, 54, 35, , 32, , 
2025/5/2, 58, 37, , 16, , 
2025/5/3, 58, 22, , 11, , 
2025/5/4, 37, 30, , 16, , 
2025/5/5, 37, 35, , 19, , 
2025/5/6, 41, 32, , 18, , 
2025/5/7, 48, 29, , 18, , 
2025/5/8, 50, 30, , 25, , 
2025/5/9, 49, 26, , 25, , 
2025/5/10, 44, 27, , 19, , 
2025/5/11, 45, 24, , 25, , 
2025/5/12, 43, 26, , 22, , 
2025/5/13, 49, 33, , 22, , 
2025/5/14, 58, 35, , 14, , 
2025/5/15, 52, 34, , 16, , 
2025/5/16, 44, 26, , 17, , 
2025/5/17, 49, 25, , 16, , 
2025/5/18, 47, 32, , 25, , 
2025/5/19, 50, 29, , 20, , 
2025/5/20, 52, 26, , 25, , 
2025/5/21, 43, 27, , 9, , 
2025/5/22, 45, 26, , 19, , 
2025/5/23, 38, 26, , 22, , 
2025/5/24, 38, 18, , 7, , 
2025/5/25, 29, 25, , 7, , 
2025/5/26, 28, 29, , 14, , 
2025/5/27, 32, 21, , 8, , 
2025/5/28, 27, 22, , 12, , 
2025/5/29, 34, 24, , 18, , 
2025/5/30, 42, 30, , 21, , 
2025/5/31, 57, 15, , 5, , 
2025/6/1, 23, 25, , 9, , 
2025/6/2, 34, 46, , 22, , 
2025/6/3, 43, 25, , 18, , 
2025/6/4, 34, 44, , 20, , 
2025/6/5, 40, 20, , 11, , 
2025/6/6, 26, 25, , 11, , 
2025/6/7, 24, 12, , 3, , 
2025/6/8, 18, 26, , 13, , 
2025/6/9, 48, 40, , 14, , 
2025/6/10, 72, 23, , 19, , 
2025/6/11, 31, 36, , 25, , 
2025/6/12, 51, 50, , 28, , 
2025/6/13, 64, 34, , 13, , 
2025/6/14, 54, 26, , 6, , 
2025/6/15, 32, 26, , 17, , 
2025/6/16, 42, 29, , 21, , 
2025/6/17, 46, 39, , 15, , 
2025/6/18, 52, 38, , 26, , 
2025/6/19, 57, 35, , 28, , 
2025/6/20, 55, 32, , 34, , 
2025/6/21, 56, 38, , 16, , 
2025/6/22, 60, 31, , 5, , 
2025/6/23, 35, 37, , 11, , 
2025/6/24, 35, 50, , 33, , 
2025/6/25, 55, 20, , 10, , 
2025/6/26, 39, 13, , 5, , 
2025/6/27, 14, 22, , 14, , 
2025/6/28, 40, 18, , 13, , 
2025/6/29, 31, 29, , 23, , 
2025/6/30, 50, 40, , 34, , 
2025/1/1, 34, 8, , 12, , 
2025/1/2, 31, 24, , 23, , 
2025/1/3, 62, 31, , 22, , 
2025/1/4, 77, 12, , 13, , 
2025/1/5, 38, 11, , 11, , 
2025/1/6, 31, 15, , 14, , 
2025/1/7, 34, 16, , 23, , 
2025/1/8, 38, 10, , 14, , 
2025/1/9, 28, 31, , 26, , 
2025/1/10, 62, 26, , 18, , 
2025/1/11, 68, 27, , 18, , 
2025/1/12, 66, 34, , 26, , 
2025/1/13, 61, 51, , 38, , 
2025/1/14, 98, 46, , 28, , 
2025/1/15, 108, 30, , 23, , 
2025/1/16, 64, 39, , 22, , 
2025/1/17, 86, 31, , 18, , 
2025/1/18, 78, 44, , 23, , 
2025/1/19, 105, 45, , 21, , 
2025/1/20, 96, 47, , 21, , 
2025/1/21, 100, 34, , 26, , 
2025/1/22, 73, 18, , 15, , 
2025/1/23, 43, 13, , 16, , 
2025/1/24, 24, 12, , 20, , 
2025/1/25, 32, 7, , 16, , 
2025/1/26, 26, 10, , 15, , 
2025/1/27, 15, 15, , 15, , 
2025/1/28, 32, 17, , 20, , 
2025/1/29, 38, 12, , 18, , 
2025/1/30, 34, 25, , 29, , 
2025/1/31, 52, 27, , 28, , 
2025/2/1, 64, 33, , 26, , 
2025/2/2, 76, 40, , 24, , 
2025/2/3, 87, 27, , 21, , 
2025/2/4, 68, 31, , 23, , 
2025/2/5, 65, 30, , 19, , 
2025/2/6, 57, 30, , 19, , 
2025/2/7, 63, 19, , 18, , 
2025/2/8, 42, 15, , 21, , 
2025/2/9, 43, 16, , 19, , 
2025/2/10, 51, 30, , 21, , 
2025/2/11, 67, 39, , 27, , 
2025/2/12, 75, 31, , 21, , 
2025/2/13, 73, 51, , 26, , 
2025/2/14, 114, 37, , 24, , 
2025/2/15, 83, 38, , 22, , 
2025/2/16, 88, 43, , 24, , 
2025/2/17, 81, 40, , 23, , 
2025/2/18, 80, 51, , 25, , 
2025/2/19, 99, 36, , 28, , 
2025/2/20, 70, 40, , 29, , 
2025/2/21, 65, 18, , 20, , 
2025/2/22, 37, 27, , 24, , 
2025/2/23, 60, 22, , 22, , 
2025/2/24, 34, 16, , 17, , 
2025/2/25, 33, 17, , 15, , 
2025/2/26, 28, 11, , 6, , 
2025/2/27, 23, 19, , 22, , 
2025/2/28, 44, 24, , 19, , 
2025/3/1, 59, 21, , 17, , 
2025/3/2, 61, 32, , 28, , 
2025/3/3, 69, 48, , 33, , 
2025/3/4, 87, 56, , 37, , 
2025/3/5, 100, 45, , 38, , 
2025/3/6, 68, 40, , 36, , 
2025/3/7, 55, 28, , 28, , 
2025/3/8, 51, 29, , 27, , 
2025/3/9, 54, 31, , 33, , 
2025/3/10, 54, 46, , 24, , 
2025/3/11, 98, 21, , 21, , 
2025/3/12, 31, 20, , 16, , 
2025/3/13, 45, 27, , 22, , 
2025/3/14, 58, 21, , 17, , 
2025/3/15, 55, 27, , 17, , 
2025/3/16, 72, 29, , 22, , 
2025/3/17, 60, 29, , 24, , 
2025/3/18, 55, 37, , 31, , 
2025/3/19, 51, 38, , 34, , 
2025/3/20, 49, 45, , 30, , 
2025/3/21, 55, 21, , 25, , 
2025/3/22, 42, 15, , 23, , 
2025/3/23, 29, 26, , 22, , 
2025/3/24, 56, 45, , 13, , 
2025/3/25, 101, 30, , 16, , 
2025/3/26, 73, 33, , 25, , 
2025/3/27, 69, 31, , 12, , 
2025/3/28, 57, 16, , 10, , 
2025/3/29, 37, 19, , 12, , 
2025/3/30, 37, 33, , 20, , 
2025/3/31, 55, 29, , 19, , 
2024/10/1, 36, 11, , 13, , 
2024/10/2, 28, 17, , 19, , 
2024/10/3, 43, 20, , 25, , 
2024/10/4, 48, 19, , 25, , 
2024/10/5, 46, 12, , 16, , 
2024/10/6, 31, 17, , 22, , 
2024/10/7, 36, 21, , 28, , 
2024/10/8, 45, 11, , 22, , 
2024/10/9, 30, 8, , 11, , 
2024/10/10, 16, 21, , 36, , 
2024/10/11, 49, 16, , 21, , 
2024/10/12, 41, 16, , 20, , 
2024/10/13, 38, 21, , 21, , 
2024/10/14, 43, 22, , 20, , 
2024/10/15, 70, 23, , 24, , 
2024/10/16, 51, 14, , 22, , 
2024/10/17, 43, 14, , 13, , 
2024/10/18, 33, 19, , 22, , 
2024/10/19, 47, 17, , 20, , 
2024/10/20, 39, 18, , 17, , 
2024/10/21, 38, 13, , 13, , 
2024/10/22, 26, 25, , 26, , 
2024/10/23, 52, 22, , 24, , 
2024/10/24, 50, 24, , 22, , 
2024/10/25, 57, 23, , 19, , 
2024/10/26, 65, 18, , 17, , 
2024/10/27, 60, 23, , 21, , 
2024/10/28, 67, 17, , 21, , 
2024/10/29, 56, , , 20, , 
2024/10/31, 57, 19, , 17, , 
2024/11/1, 55, 19, , 16, , 
2024/11/2, 52, 18, , 14, , 
2024/11/3, 59, 29, , 18, , 
2024/11/4, 71, 31, , 14, , 
2024/11/5, 71, 27, , 18, , 
2024/11/6, 63, 24, , 19, , 
2024/11/7, 56, 19, , 18, , 
2024/11/8, 50, 25, , 18, , 
2024/11/9, 70, 18, , 15, , 
2024/11/10, 59, 21, , 14, , 
2024/11/11, 62, 15, , 15, , 
2024/11/12, 40, 28, , 19, , 
2024/11/13, 66, 32, , 21, , 
2024/11/14, 70, 24, , 28, , 
2024/11/15, 55, 22, , 23, , 
2024/11/16, 60, 20, , 16, , 
2024/11/17, 61, 12, , 18, , 
2024/11/18, 37, 8, , 9, , 
2024/11/19, 15, 8, , 9, , 
2024/11/20, 28, 16, , 23, , 
2024/11/21, 51, 12, , 16, , 
2024/11/22, 45, 22, , 22, , 
2024/11/23, 49, 22, , 16, , 
2024/11/24, 33, 17, , 22, , 
2024/11/25, 41, 22, , 24, , 
2024/11/26, 55, 11, , 15, , 
2024/11/27, 38, 21, , 26, , 
2024/11/28, 47, 26, , 27, , 
2024/11/29, 59, 26, , 20, , 
2024/11/30, 69, 23, , 15, , 
2024/12/1, 66, 14, , 12, , 
2024/12/2, 33, 18, , 17, , 
2024/12/3, 42, 31, , 23, , 
2024/12/4, 64, 13, , 18, , 
2024/12/5, 40, 21, , 13, , 
2024/12/6, 37, 14, , 8, , 
2024/12/7, 31, 6, , 8, , 
2024/12/8, 26, 14, , 15, , 
2024/12/9, 49, 14, , 16, , 
2024/12/10, 46, 20, , 19, , 
2024/12/11, 55, 24, , 29, , 
2024/12/12, 61, 33, , 29, , 
2024/12/13, 78, 31, , 24, , 
2024/12/14, 81, 18, , 23, , 
2024/12/15, 53, 8, , 15, , 
2024/12/16, 25, 17, , 21, , 
2024/12/17, 42, 21, , 18, , 
2024/12/18, 46, 8, , 8, , 
2024/12/19, 22, 15, , 16, , 
2024/12/20, 39, 14, , 15, , 
2024/12/21, 31, 10, , 6, , 
2024/12/22, 21, 23, , 6, , 
2024/12/23, 46, 17, , 23, , 
2024/12/24, 51, 22, , 17, , 
2024/12/25, 68, 19, , 18, , 
2024/12/26, 52, 34, , 24, , 
2024/12/27, 83, 18, , 11, , 
2024/12/28, 58, 27, , 16, , 
2024/12/29, 74, , , , , 
2024/7/1, 29, 15, , 5, , 
2024/7/2, 30, 18, , 8, , 
2024/7/3, 36, 15, , 4, , 
2024/7/4, 19, 27, , 22, , 
2024/7/5, 43, 16, , 10, , 
2024/7/6, 30, 15, , 11, , 
2024/7/7, 24, 31, , 28, , 
2024/7/8, 48, 27, , 22, , 
2024/7/9, 48, 12, , 10, , 
2024/7/10, 24, 17, , 17, , 
2024/7/11, 39, 9, , 10, , 
2024/7/12, 33, 16, , 25, , 
2024/7/13, 53, 17, , 24, , 
2024/7/14, 61, 20, , 21, , 
2024/7/15, 51, 13, , 10, , 
2024/7/16, 30, 20, , 27, , 
2024/7/17, 47, 29, , 35, , 
2024/7/18, 54, 36, , 37, , 
2024/7/19, 60, 19, , 15, , 
2024/7/20, 46, 14, , 11, , 
2024/7/21, 39, 13, , 9, , 
2024/7/22, 32, 10, , 8, , 
2024/7/23, 25, 20, , 22, , 
2024/7/24, 46, 28, , 24, , 
2024/7/25, 49, 18, , 15, , 
2024/7/26, 45, 16, , 18, , 
2024/7/27, 49, 16, , 19, , 
2024/7/28, 42, 21, , 26, , 
2024/7/29, 51, 35, , 36, , 
2024/7/30, 71, 30, , 30, , 
2024/7/31, 63, 26, , 23, , 
2024/8/1, 60, 21, , 11, , 
2024/8/2, 54, 9, , 6, , 
2024/8/3, 29, 15, , 6, , 
2024/8/4, 35, 26, , 24, , 
2024/8/5, 60, 19, , 20, , 
2024/8/6, 37, 13, , 5, , 
2024/8/7, 21, 23, , 22, , 
2024/8/8, 41, 13, , 11, , 
2024/8/9, 26, 18, , 19, , 
2024/8/10, 42, 16, , 20, , 
2024/8/11, 41, 27, , 28, , 
2024/8/12, 59, 20, , 13, , 
2024/8/13, 43, 24, , 21, , 
2024/8/14, 48, 10, , 6, , 
2024/8/15, 15, 10, , 11, , 
2024/8/16, 25, 9, , 13, , 
2024/8/17, 38, 9, , 4, , 
2024/8/18, 23, 20, , 23, , 
2024/8/19, 48, 19, , 14, , 
2024/8/20, 50, 13, , 10, , 
2024/8/21, 25, 18, , 22, , 
2024/8/22, 40, 13, , 13, , 
2024/8/23, 32, 17, , 12, , 
2024/8/24, 41, 14, , 10, , 
2024/8/25, 20, 19, , 20, , 
2024/8/26, 40, 26, , 31, , 
2024/8/27, 53, 28, , 32, , 
2024/8/28, 49, 19, , 9, , 
2024/8/29, 33, 18, , 17, , 
2024/8/30, 44, 24, , 19, , 
2024/8/31, 61, 21, , 22, , 
2024/9/1, 55, 17, , 21, , 
2024/9/2, 44, 15, , 17, , 
2024/9/3, 29, 14, , 13, , 
2024/9/4, 29, 9, , 13, , 
2024/9/5, 27, 23, , 27, , 
2024/9/6, 52, 21, , 24, , 
2024/9/7, 50, 11, , 20, , 
2024/9/8, 30, 9, , 5, , 
2024/9/9, 20, 16, , 10, , 
2024/9/10, 32, 13, , 6, , 
2024/9/11, 20, 11, , 12, , 
2024/9/12, 28, 10, , 9, , 
2024/9/13, 18, 19, , 26, , 
2024/9/14, 43, 18, , 23, , 
2024/9/15, 50, 17, , 17, , 
2024/9/16, 39, 23, , 18, , 
2024/9/17, 41, 44, , 21, , 
2024/9/18, 111, 41, , 26, , 
2024/9/19, 91, 35, , 30, , 
2024/9/20, 70, 24, , 29, , 
2024/9/21, 59, 19, , 24, , 
2024/9/22, 55, 20, , 28, , 
2024/9/23, 51, 17, , 19, , 
2024/9/24, 43, 17, , 28, , 
2024/9/25, 55, 10, , 22, , 
2024/9/26, 37, 11, , 13, , 
2024/9/27, 29, 15, , 13, , 
2024/9/28, 37, 19, , 24, , 
2024/9/29, 59, 8, , 12, , 
2024/9/30, 23, 11, , 10, , 
2024/4/1, 32, 21, , 23, , 
2024/4/2, 35, 14, , 21, , 
2024/4/3, 27, 17, , 17, , 
2024/4/4, 39, 25, , 31, , 
2024/4/5, 51, 29, , 33, , 
2024/4/6, 52, 17, , 20, , 
2024/4/7, 37, 28, , 27, , 
2024/4/8, 55, 14, , 17, , 
2024/4/9, 22, 22, , 27, , 
2024/4/10, 32, 31, , 26, , 
2024/4/11, 48, 34, , 28, , 
2024/4/12, 63, 27, , 26, , 
2024/4/13, 51, 13, , 10, , 
2024/4/14, 30, 21, , 7, , 
2024/4/15, 22, 12, , 6, , 
2024/4/16, 20, 13, , 9, , 
2024/4/17, 17, 15, , 21, , 
2024/4/18, 32, 13, , 9, , 
2024/4/19, 18, 19, , 13, , 
2024/4/20, 29, 15, , 15, , 
2024/4/21, 26, 19, , 20, , 
2024/4/22, 38, 20, , 18, , 
2024/4/23, 39, 16, , 8, , 
2024/4/24, 23, 30, , 27, , 
2024/4/25, 47, 39, , 32, , 
2024/4/26, 65, 18, , 27, , 
2024/4/27, 49, 13, , 19, , 
2024/4/28, 30, 22, , 29, , 
2024/4/29, 41, 26, , 28, , 
2024/4/30, 42, 24, , 16, , 
2024/5/1, 55, 8, , 10, , 
2024/5/2, 19, 17, , 21, , 
2024/5/3, 28, 15, , 30, , 
2024/5/4, 38, 17, , 25, , 
2024/5/5, 37, 17, , 22, , 
2024/5/6, 27, 24, , 22, , 
2024/5/7, 48, 19, , 17, , 
2024/5/8, 51, 27, , 25, , 
2024/5/9, 63, 30, , 31, , 
2024/5/10, 63, 33, , 33, , 
2024/5/11, 58, , , 34, , 
2024/5/13, 56, 20, , 27, , 
2024/5/14, 52, 22, , 25, , 
2024/5/15, 41, 15, , 19, , 
2024/5/16, 20, 22, , 30, , 
2024/5/17, 46, 20, , 26, , 
2024/5/18, 45, 20, , 18, , 
2024/5/19, 48, 26, , 22, , 
2024/5/20, 59, 20, , 21, , 
2024/5/21, 45, 21, , 12, , 
2024/5/22, 44, 20, , 22, , 
2024/5/23, 37, 18, , 18, , 
2024/5/24, 30, 20, , 23, , 
2024/5/25, 45, 15, , 15, , 
2024/5/26, 30, 12, , 9, , 
2024/5/27, 38, 21, , 25, , 
2024/5/28, 71, 13, , 19, , 
2024/5/29, 28, 14, , 7, , 
2024/5/30, 25, 9, , 7, , 
2024/5/31, 16, 18, , 10, , 
2024/6/1, 43, 24, , 13, , 
2024/6/2, 48, 24, , 17, , 
2024/6/3, 51, 25, , 20, , 
2024/6/4, 51, 10, , 5, , 
2024/6/5, 16, 28, , 18, , 
2024/6/6, 50, 21, , 14, , 
2024/6/7, 41, 19, , 13, , 
2024/6/8, 41, 17, , 11, , 
2024/6/9, 26, 14, , 6, , 
2024/6/10, 22, 16, , 17, , 
2024/6/11, 33, 20, , 19, , 
2024/6/12, 35, 25, , 23, , 
2024/6/13, 35, 21, , 18, , 
2024/6/14, 31, 18, , 11, , 
2024/6/15, 22, 11, , 14, , 
2024/6/16, 28, 21, , 19, , 
2024/6/17, 38, 19, , 19, , 
2024/6/18, 39, 19, , 21, , 
2024/6/19, 37, 23, , 24, , 
2024/6/20, 48, 23, , 17, , 
2024/6/21, 61, 11, , 10, , 
2024/6/22, 28, 15, , 18, , 
2024/6/23, 36, 20, , 21, , 
2024/6/24, 38, , , , , 
2024/6/27, 71, , , , , 
2024/6/28, 33, 20, , 14, , 
2024/6/29, 39, 20, , 7, , 
2024/6/30, 39, 13, , 4, , 
2024/1/1, 20, , , 13, , 
2024/1/2, 16, 9, , 21, , 
2024/1/3, 21, 20, , 21, , 
2024/1/4, 31, 10, , 16, , 
2024/1/5, 15, 10, , 12, , 
2024/1/6, 22, 14, , 13, , 
2024/1/7, 40, 18, , 20, , 
2024/1/8, 42, 33, , 21, , 
2024/1/9, 61, 44, , 26, , 
2024/1/10, 77, 42, , 24, , 
2024/1/11, 91, 34, , 27, , 
2024/1/12, 70, 28, , 26, , 
2024/1/13, 73, 33, , 24, , 
2024/1/14, 76, 23, , 23, , 
2024/1/15, 46, 56, , 44, , 
2024/1/16, 104, 26, , 27, , 
2024/1/17, 54, 20, , 24, , 
2024/1/18, 50, 36, , 38, , 
2024/1/19, 81, 32, , 33, , 
2024/1/20, 68, 25, , 20, , 
2024/1/21, 55, 13, , 9, , 
2024/1/22, 27, 23, , 20, , 
2024/1/23, 44, 16, , 11, , 
2024/1/24, 34, 20, , 29, , 
2024/1/25, 68, 18, , 22, , 
2024/1/26, 36, 41, , 46, , 
2024/1/27, 84, 34, , 36, , 
2024/1/28, 74, 41, , 32, , 
2024/1/29, 72, 27, , 26, , 
2024/1/30, 51, 36, , 33, , 
2024/1/31, 52, 18, , 20, , 
2024/2/1, 37, 25, , 27, , 
2024/2/2, 49, 12, , 17, , 
2024/2/3, 30, 11, , 14, , 
2024/2/4, 24, 33, , 14, , 
2024/2/5, 56, 24, , 14, , 
2024/2/6, 57, 17, , 16, , 
2024/2/7, 44, 29, , 20, , 
2024/2/8, 50, 22, , 24, , 
2024/2/9, 46, 20, , 29, , 
2024/2/10, 51, 14, , 14, , 
2024/2/11, 39, 22, , 28, , 
2024/2/12, 45, 33, , 33, , 
2024/2/13, 58, 26, , 23, , 
2024/2/14, 50, 37, , 32, , 
2024/2/15, 60, 19, , 13, , 
2024/2/16, 37, 25, , 23, , 
2024/2/17, 43, 19, , 20, , 
2024/2/18, 44, 14, , 7, , 
2024/2/19, 29, 29, , 21, , 
2024/2/20, 55, 24, , 24, , 
2024/2/21, 48, 7, , 14, , 
2024/2/22, 21, 13, , 21, , 
2024/2/23, 23, 12, , 23, , 
2024/2/24, 30, 11, , 23, , 
2024/2/25, 31, 14, , 27, , 
2024/2/26, 35, 19, , 18, , 
2024/2/27, 53, 28, , 31, , 
2024/2/28, 50, 15, , 26, , 
2024/2/29, 32, 15, , 24, , 
2024/3/1, 30, , , , , 
2024/3/4, 47, 11, , 30, , 
2024/3/5, 44, , , 28, , 
2024/3/7, 80, 31, , 27, , 
2024/3/8, 65, 18, , 29, , 
2024/3/9, 41, 11, , 26, , 
2024/3/10, 34, 18, , 18, , 
2024/3/11, 43, 15, , 18, , 
2024/3/12, 45, 17, , 21, , 
2024/3/13, 34, 27, , 26, , 
2024/3/14, 43, 14, , 17, , 
2024/3/15, 29, 12, , 14, , 
2024/3/16, 28, 20, , 28, , 
2024/3/17, 56, 17, , 16, , 
2024/3/18, 40, 31, , 29, , 
2024/3/19, 59, 39, , 36, , 
2024/3/20, 62, 34, , 23, , 
2024/3/21, 65, 35, , 20, , 
2024/3/22, 68, 10, , 6, , 
2024/3/23, 17, 10, , 6, , 
2024/3/24, 16, 28, , 30, , 
2024/3/25, 46, 17, , 29, , 
2024/3/26, 41, 17, , 25, , 
2024/3/27, 31, 16, , 20, , 
2024/3/28, 26, 16, , 27, , 
2024/3/29, 32, 14, , 29, , 
2024/3/30, 39, 18, , 28, , 
2024/3/31, 43, 13, , 20, , 
2023/10/1, 75, 43, , 38, , 
2023/10/2, 79, 19, , 9, , 
2023/10/3, 43, 28, , 21, , 
2023/10/4, 47, 42, , 33, , 
2023/10/5, 66, 41, , 32, , 
2023/10/6, 70, 41, , 33, , 
2023/10/7, 76, 43, , 34, , 
2023/10/8, 78, 49, , 35, , 
2023/10/9, 86, 52, , 39, , 
2023/10/10, 78, 46, , 34, , 
2023/10/11, 73, 35, , 27, , 
2023/10/12, 68, 45, , 22, , 
2023/10/13, 65, 14, , 5, , 
2023/10/14, 31, 16, , 16, , 
2023/10/15, 35, 23, , 24, , 
2023/10/16, 49, 30, , 24, , 
2023/10/17, 54, 26, , 22, , 
2023/10/18, 55, 23, , 26, , 
2023/10/19, 47, 20, , 29, , 
2023/10/20, 46, 17, , 16, , 
2023/10/21, 39, 24, , 19, , 
2023/10/22, 53, 23, , 25, , 
2023/10/23, 56, 21, , 23, , 
2023/10/24, 45, 14, , 16, , 
2023/10/25, 38, 27, , 24, , 
2023/10/26, 52, 20, , 22, , 
2023/10/27, 44, 18, , 20, , 
2023/10/28, 50, 18, , 20, , 
2023/10/29, 37, 20, , 27, , 
2023/10/30, 49, 21, , 22, , 
2023/10/31, 49, 19, , 19, , 
2023/11/1, 42, 17, , 12, , 
2023/11/2, 31, 18, , 25, , 
2023/11/3, 42, 19, , 20, , 
2023/11/4, 38, 14, , 13, , 
2023/11/5, 35, 18, , 19, , 
2023/11/6, 40, 20, , 21, , 
2023/11/7, 41, 20, , 23, , 
2023/11/8, 42, 19, , 21, , 
2023/11/9, 40, 16, , 16, , 
2023/11/10, 38, 21, , 23, , 
2023/11/11, 49, 20, , 25, , 
2023/11/12, 50, 17, , 17, , 
2023/11/13, 43, 19, , 16, , 
2023/11/14, 45, 22, , 19, , 
2023/11/15, 45, 22, , 26, , 
2023/11/16, 63, 20, , 28, , 
2023/11/17, 41, 24, , 28, , 
2023/11/18, 61, 21, , 17, , 
2023/11/19, 48, 20, , 17, , 
2023/11/20, 39, 11, , 16, , 
2023/11/21, 33, 23, , 22, , 
2023/11/22, 56, 23, , 20, , 
2023/11/23, 52, 18, , 11, , 
2023/11/24, 40, 17, , 13, , 
2023/11/25, 41, 29, , 28, , 
2023/11/26, 67, 15, , 20, , 
2023/11/27, 41, 23, , 21, , 
2023/11/28, 49, 40, , 33, , 
2023/11/29, 81, 39, , 31, , 
2023/11/30, 80, 36, , 23, , 
2023/12/1, 94, 33, , 23, , 
2023/12/2, 81, 41, , 27, , 
2023/12/3, 92, 17, , 27, , 
2023/12/4, 44, 11, , 11, , 
2023/12/5, 33, 34, , 28, , 
2023/12/6, 68, 26, , 26, , 
2023/12/7, 65, 30, , 36, , 
2023/12/8, 62, 24, , 20, , 
2023/12/9, 50, 23, , 22, , 
2023/12/10, 48, 26, , 26, , 
2023/12/11, 56, 26, , 30, , 
2023/12/12, 58, , , 21, , 
2023/12/14, 39, 23, , 27, , 
2023/12/15, 50, 43, , 40, , 
2023/12/16, 87, 30, , 26, , 
2023/12/17, 77, 23, , 21, , 
2023/12/18, 53, 24, , 23, , 
2023/12/19, 50, 14, , 15, , 
2023/12/20, 27, 9, , 8, , 
2023/12/21, 21, 13, , 8, , 
2023/12/22, 22, 9, , 9, , 
2023/12/23, 14, 16, , 14, , 
2023/12/24, 22, 15, , 12, , 
2023/12/25, 27, 18, , 20, , 
2023/12/26, 31, 20, , 26, , 
2023/12/27, 41, 14, , 15, , 
2023/12/28, 32, 15, , 16, , 
2023/12/29, 21, 16, , 28, , 
2023/12/30, 27, 13, , 13, , 
2023/12/31, 20, 19, , 19, , 
2023/7/1, 45, 33, , 2, , 
2023/7/2, 69, 21, , 7, , 
2023/7/3, 47, 30, , 21, , 
2023/7/4, 53, 21, , 8, , 
2023/7/5, 43, 33, , 37, , 
2023/7/6, 61, 34, , 41, , 
2023/7/7, 67, 31, , 38, , 
2023/7/8, 62, 23, , 13, , 
2023/7/9, 51, 25, , 24, , 
2023/7/10, 45, 29, , 24, , 
2023/7/11, 53, 18, , 7, , 
2023/7/12, 35, 18, , 7, , 
2023/7/13, 32, 32, , 26, , 
2023/7/14, 58, 20, , 14, , 
2023/7/15, 45, 22, , 10, , 
2023/7/16, 50, 18, , 12, , 
2023/7/17, 45, 31, , 33, , 
2023/7/18, 55, 18, , 5, , 
2023/7/19, 40, 20, , 16, , 
2023/7/20, 44, 18, , 10, , 
2023/7/21, 40, 20, , 15, , 
2023/7/22, 44, 16, , 13, , 
2023/7/23, 40, 15, , 15, , 
2023/7/24, 45, 14, , 14, , 
2023/7/25, 40, 19, , 19, , 
2023/7/26, 47, 14, , 12, , 
2023/7/27, 34, 18, , 21, , 
2023/7/28, 53, 17, , 20, , 
2023/7/29, 54, 14, , 7, , 
2023/7/30, 34, 17, , 17, , 
2023/7/31, 40, 12, , 8, , 
2023/8/1, 38, 14, , 13, , 
2023/8/2, 36, 13, , 13, , 
2023/8/3, 35, 17, , 11, , 
2023/8/4, 46, 13, , 16, , 
2023/8/5, 42, 9, , 2, , 
2023/8/6, 22, 16, , 6, , 
2023/8/7, 29, 17, , 13, , 
2023/8/8, 38, 16, , 14, , 
2023/8/9, 41, 26, , 32, , 
2023/8/10, 59, 27, , 23, , 
2023/8/11, 66, 15, , 15, , 
2023/8/12, 46, 18, , 17, , 
2023/8/13, 44, 22, , 25, , 
2023/8/14, 49, 15, , 14, , 
2023/8/15, 45, 19, , 24, , 
2023/8/16, 50, 27, , 24, , 
2023/8/17, 64, 34, , 31, , 
2023/8/18, 78, 24, , 22, , 
2023/8/19, 50, 16, , 18, , 
2023/8/20, 44, 21, , 21, , 
2023/8/21, 41, 26, , 29, , 
2023/8/22, 55, 28, , 27, , 
2023/8/23, 49, 32, , 30, , 
2023/8/24, 60, 22, , 12, , 
2023/8/25, 49, 15, , 18, , 
2023/8/26, 37, 10, , 7, , 
2023/8/27, 25, 14, , 10, , 
2023/8/28, 31, 16, , 10, , 
2023/8/29, 39, 19, , 14, , 
2023/8/30, 45, 22, , 24, , 
2023/8/31, 43, 20, , 21, , 
2023/9/1, 47, 23, , 25, , 
2023/9/2, 57, 21, , 23, , 
2023/9/3, 52, 24, , 26, , 
2023/9/4, 60, 38, , 43, , 
2023/9/5, 64, 37, , 40, , 
2023/9/6, 65, 39, , 50, , 
2023/9/7, 69, 49, , 51, , 
2023/9/8, 86, 42, , 48, , 
2023/9/9, 72, 36, , 37, , 
2023/9/10, 67, 34, , 23, , 
2023/9/11, 67, 21, , 21, , 
2023/9/12, 52, 32, , 25, , 
2023/9/13, 64, 40, , 32, , 
2023/9/14, 68, 33, , 35, , 
2023/9/15, 59, 31, , 35, , 
2023/9/16, 66, 30, , 29, , 
2023/9/17, 61, 18, , 15, , 
2023/9/18, 40, 18, , 15, , 
2023/9/19, 58, 24, , 23, , 
2023/9/20, 77, 18, , 25, , 
2023/9/21, 53, 14, , 18, , 
2023/9/22, 39, 17, , 13, , 
2023/9/23, 38, 27, , 26, , 
2023/9/24, 60, 29, , 27, , 
2023/9/25, 55, 38, , 37, , 
2023/9/26, 67, 39, , 37, , 
2023/9/27, 65, 32, , 21, , 
2023/9/28, 53, 22, , 14, , 
2023/9/29, 46, 35, , 33, , 
2023/9/30, 68, 35, , 33, , 
2023/4/1, 22, 17, , 9, , 
2023/4/2, 45, 21, , 21, , 
2023/4/3, 46, 24, , 27, , 
2023/4/4, 50, 34, , 28, , 
2023/4/5, 62, 26, , 21, , 
2023/4/6, 48, 19, , 17, , 
2023/4/7, 39, 25, , 27, , 
2023/4/8, 53, 30, , 30, , 
2023/4/9, 61, 21, , 20, , 
2023/4/10, 42, 18, , 14, , 
2023/4/11, 31, 10, , 10, , 
2023/4/12, 20, 17, , 10, , 
2023/4/13, 28, 22, , 29, , 
2023/4/14, 41, 11, , 11, , 
2023/4/15, 32, 18, , 17, , 
2023/4/16, 45, 28, , 23, , 
2023/4/17, 65, 39, , 24, , 
2023/4/18, 86, 24, , 25, , 
2023/4/19, 50, 29, , 28, , 
2023/4/20, 53, 27, , 32, , 
2023/4/21, 58, 25, , 30, , 
2023/4/22, 57, 17, , 20, , 
2023/4/23, 41, 18, , 15, , 
2023/4/24, 38, 24, , 22, , 
2023/4/25, 47, 32, , 35, , 
2023/4/26, 56, 26, , 33, , 
2023/4/27, 48, 12, , 12, , 
2023/4/28, 21, 20, , 19, , 
2023/4/29, 53, 29, , 30, , 
2023/4/30, 63, 26, , 12, , 
2023/5/1, 59, 24, , 21, , 
2023/5/2, 48, 27, , 26, , 
2023/5/3, 53, 27, , 28, , 
2023/5/4, 46, 21, , 26, , 
2023/5/5, 41, 26, , 28, , 
2023/5/6, 53, 16, , 25, , 
2023/5/7, 44, 16, , 14, , 
2023/5/8, 39, 15, , 24, , 
2023/5/9, 29, 17, , 15, , 
2023/5/10, 37, 19, , 14, , 
2023/5/11, 38, 15, , 13, , 
2023/5/12, 29, 33, , 18, , 
2023/5/13, 65, 32, , 14, , 
2023/5/14, 69, 23, , 10, , 
2023/5/15, 56, 24, , 14, , 
2023/5/16, 32, 27, , 22, , 
2023/5/17, 52, 29, , 20, , 
2023/5/18, 53, 32, , 20, , 
2023/5/19, 57, 28, , 19, , 
2023/5/20, 54, 29, , 13, , 
2023/5/21, 57, 30, , 13, , 
2023/5/22, 55, 34, , 20, , 
2023/5/23, 59, 31, , 23, , 
2023/5/24, 49, 35, , 25, , 
2023/5/25, 56, 37, , 22, , 
2023/5/26, 60, 36, , 26, , 
2023/5/27, 62, 34, , 24, , 
2023/5/28, 66, 34, , 16, , 
2023/5/29, 56, 34, , 21, , 
2023/5/30, 49, 34, , 22, , 
2023/5/31, 53, 37, , 24, , 
2023/6/1, 60, 33, , 19, , 
2023/6/2, 51, 34, , 21, , 
2023/6/3, 54, 28, , 22, , 
2023/6/4, 45, 32, , 21, , 
2023/6/5, 60, 36, , 23, , 
2023/6/6, 56, 37, , 25, , 
2023/6/7, 63, 38, , 34, , 
2023/6/8, 64, 40, , 41, , 
2023/6/9, 80, 34, , 33, , 
2023/6/10, 69, 33, , 22, , 
2023/6/11, 78, 28, , 17, , 
2023/6/12, 61, 35, , 32, , 
2023/6/13, 65, 38, , 39, , 
2023/6/14, 66, 39, , 33, , 
2023/6/15, 64, 39, , 45, , 
2023/6/16, 70, 40, , 41, , 
2023/6/17, 77, 38, , 28, , 
2023/6/18, 67, 34, , 27, , 
2023/6/19, 69, 37, , 25, , 
2023/6/20, 59, 30, , 28, , 
2023/6/21, 55, 27, , 17, , 
2023/6/22, 63, 30, , 26, , 
2023/6/23, 54, 30, , 29, , 
2023/6/24, 60, 28, , 26, , 
2023/6/25, 55, 24, , 5, , 
2023/6/26, 41, 24, , 10, , 
2023/6/27, 40, 32, , 25, , 
2023/6/28, 65, 38, , 16, , 
2023/6/29, 79, 30, , 10, , 
2023/6/30, 52, 20, , 7, , 
2023/1/2, 34, 24, , 25, , 
2023/1/3, 50, 9, , 14, , 
2023/1/4, 28, 9, , 13, , 
2023/1/5, 22, 16, , 21, , 
2023/1/6, 35, 14, , 20, , 
2023/1/7, 44, 13, , 15, , 
2023/1/8, 34, 11, , 9, , 
2023/1/9, 30, 19, , 25, , 
2023/1/10, 47, 8, , 8, , 
2023/1/11, 30, 15, , 14, , 
2023/1/12, 32, 13, , 10, , 
2023/1/13, 31, 13, , 14, , 
2023/1/14, 33, 9, , 8, , 
2023/1/15, 29, 8, , 11, , 
2023/1/16, 24, 25, , 30, , 
2023/1/17, 57, 19, , 15, , 
2023/1/18, 51, 24, , 22, , 
2023/1/19, 53, 18, , 15, , 
2023/1/20, 51, 28, , 21, , 
2023/1/21, 68, 26, , 16, , 
2023/1/22, 69, 31, , 18, , 
2023/1/23, 71, 37, , 21, , 
2023/1/24, 76, 33, , 19, , 
2023/1/25, 83, 36, , 25, , 
2023/1/26, 89, 26, , 23, , 
2023/1/27, 50, 26, , 20, , 
2023/1/28, 65, 36, , 26, , 
2023/1/29, 82, 21, , 20, , 
2023/1/30, 55, 36, , 26, , 
2023/1/31, 59, 22, , 8, , 
2023/2/1, 45, 19, , 13, , 
2023/2/2, 37, 11, , 10, , 
2023/2/3, 27, 14, , 14, , 
2023/2/4, 48, 19, , 13, , 
2023/2/5, 42, 34, , 24, , 
2023/2/6, 58, 38, , 25, , 
2023/2/7, 65, 44, , 31, , 
2023/2/8, 79, 64, , 39, , 
2023/2/9, 132, 65, , 36, , 
2023/2/10, 119, 47, , 33, , 
2023/2/11, 97, 28, , 26, , 
2023/2/12, 57, 52, , 33, , 
2023/2/13, 96, 62, , 36, , 
2023/2/14, 134, 70, , 38, , 
2023/2/15, 145, 42, , 28, , 
2023/2/16, 78, 16, , 14, , 
2023/2/17, 36, 11, , 7, , 
2023/2/18, 26, 15, , 8, , 
2023/2/19, 38, 41, , 27, , 
2023/2/20, 72, 54, , 34, , 
2023/2/21, 93, 37, , 19, , 
2023/2/22, 79, 29, , 20, , 
2023/2/23, 59, 36, , 22, , 
2023/2/24, 71, 24, , 21, , 
2023/2/25, 44, 22, , 18, , 
2023/2/26, 45, 23, , 20, , 
2023/2/27, 45, 28, , 24, , 
2023/2/28, 60, 36, , 25, , 
2023/3/1, 75, 46, , 24, , 
2023/3/2, 94, 43, , 19, , 
2023/3/3, 96, 34, , 26, , 
2023/3/4, 71, 23, , 21, , 
2023/3/5, 53, 23, , 11, , 
2023/3/6, 54, 22, , 14, , 
2023/3/7, 46, 13, , 17, , 
2023/3/8, 32, 19, , 15, , 
2023/3/9, 38, 13, , 11, , 
2023/3/10, 30, 25, , 29, , 
2023/3/11, 53, 21, , 14, , 
2023/3/12, 47, 15, , 12, , 
2023/3/13, 31, 13, , 9, , 
2023/3/14, 27, 32, , 32, , 
2023/3/15, 53, 29, , 35, , 
2023/3/16, 48, 36, , 32, , 
2023/3/17, 59, 18, , 22, , 
2023/3/18, 44, 12, , 13, , 
2023/3/19, 32, 36, , 33, , 
2023/3/20, 66, 24, , 28, , 
2023/3/21, 45, 21, , 18, , 
2023/3/22, 38, 17, , 16, , 
2023/3/23, 32, 15, , 9, , 
2023/3/24, 32, 17, , 9, , 
2023/3/25, 28, 11, , 8, , 
2023/3/26, 30, 17, , 13, , 
2023/3/27, 30, 26, , 34, , 
2023/3/28, 51, 30, , 29, , 
2023/3/29, 51, 21, , 14, , 
2023/3/30, 35, 19, , 11, , 
2023/3/31, 37, 9, , 3, , 
2022/10/1, 27, 13, , 17, , 
2022/10/2, 33, 24, , 26, , 
2022/10/3, 54, 33, , 29, , 
2022/10/4, 70, 26, , 20, , 
2022/10/5, 52, 30, , 19, , 
2022/10/6, 48, 37, , 26, , 
2022/10/7, 66, 26, , 19, , 
2022/10/8, 53, 27, , 26, , 
2022/10/9, 57, 37, , 22, , 
2022/10/10, 65, 31, , 26, , 
2022/10/11, 53, 38, , 31, , 
2022/10/12, 66, 32, , 28, , 
2022/10/13, 65, 16, , 22, , 
2022/10/14, 41, 13, , 15, , 
2022/10/15, 37, 18, , 23, , 
2022/10/16, 45, 30, , 28, , 
2022/10/17, 62, 25, , 29, , 
2022/10/18, 59, 26, , 21, , 
2022/10/19, 51, 30, , 28, , 
2022/10/20, 61, 27, , 29, , 
2022/10/21, 56, 26, , 28, , 
2022/10/22, 57, 27, , 23, , 
2022/10/23, 55, 22, , 17, , 
2022/10/24, 45, 24, , 25, , 
2022/10/25, 52, 25, , 27, , 
2022/10/26, 51, 37, , 27, , 
2022/10/27, 57, 44, , 28, , 
2022/10/28, 72, 42, , 29, , 
2022/10/29, 76, 31, , 21, , 
2022/10/30, 63, 35, , 26, , 
2022/10/31, 69, 22, , 15, , 
2022/11/1, 48, 27, , 23, , 
2022/11/2, 53, 21, , 23, , 
2022/11/3, 49, 14, , 14, , 
2022/11/4, 33, 27, , 25, , 
2022/11/5, 58, 20, , 21, , 
2022/11/6, 54, 21, , 21, , 
2022/11/7, 43, 22, , 25, , 
2022/11/8, 50, 18, , 17, , 
2022/11/9, 39, 33, , 28, , 
2022/11/10, 65, 20, , 20, , 
2022/11/11, 53, 32, , 21, , 
2022/11/12, 72, 31, , 19, , 
2022/11/13, 76, 28, , 20, , 
2022/11/14, 63, 19, , 25, , 
2022/11/15, 49, 19, , 24, , 
2022/11/16, 44, 16, , 15, , 
2022/11/17, 36, 15, , 15, , 
2022/11/18, 37, 11, , 10, , 
2022/11/19, 39, 16, , 17, , 
2022/11/20, 46, 23, , 22, , 
2022/11/21, 50, 16, , 17, , 
2022/11/22, 41, 22, , 23, , 
2022/11/23, 51, 29, , 25, , 
2022/11/24, 51, 22, , 20, , 
2022/11/25, 52, 34, , 25, , 
2022/11/26, 78, 22, , 22, , 
2022/11/27, 57, 23, , 24, , 
2022/11/28, 49, 36, , 30, , 
2022/11/29, 70, 29, , 25, , 
2022/11/30, 61, 29, , 18, , 
2022/12/1, 77, 37, , 18, , 
2022/12/2, 91, 24, , 17, , 
2022/12/3, 68, 30, , 17, , 
2022/12/4, 79, 26, , 15, , 
2022/12/5, 74, 32, , 16, , 
2022/12/6, 78, 33, , 23, , 
2022/12/7, 72, 40, , 26, , 
2022/12/8, 79, 35, , 25, , 
2022/12/9, 75, 27, , 20, , 
2022/12/10, 70, 28, , 21, , 
2022/12/11, 69, 37, , 22, , 
2022/12/12, 76, 44, , 28, , 
2022/12/13, 79, 50, , 23, , 
2022/12/14, 91, 50, , 28, , 
2022/12/15, 101, 36, , 28, , 
2022/12/16, 83, 43, , 31, , 
2022/12/17, 94, 42, , 24, , 
2022/12/18, 101, 28, , 29, , 
2022/12/19, 62, 22, , 29, , 
2022/12/20, 55, 17, , 24, , 
2022/12/21, 43, 19, , 15, , 
2022/12/22, 41, 9, , 15, , 
2022/12/23, 30, 26, , 28, , 
2022/12/24, 53, 19, , 21, , 
2022/12/25, 55, 14, , 15, , 
2022/12/26, 37, 27, , 28, , 
2022/12/27, 58, 13, , 16, , 
2022/12/28, 37, 16, , 15, , 
2022/12/29, 37, 15, , 20, , 
2022/12/30, 40, 17, , 13, , 
2022/12/31, 38, 21, , 18, , 
2023/1/1, 52, 13, , 18, , 
2022/7/1, 24, 21, , 27, , 
2022/7/2, 42, 11, , 9, , 
2022/7/3, 19, 15, , 13, , 
2022/7/4, 23, 17, , 11, , 
2022/7/5, 24, 17, , 15, , 
2022/7/6, 27, 15, , 11, , 
2022/7/7, 30, 25, , 24, , 
2022/7/8, 42, 22, , 21, , 
2022/7/9, 46, 18, , 17, , 
2022/7/10, 37, 22, , 24, , 
2022/7/11, 36, 25, , 38, , 
2022/7/12, 46, 37, , 34, , 
2022/7/13, 52, 24, , 13, , 
2022/7/14, 51, 22, , 23, , 
2022/7/15, 38, 26, , 25, , 
2022/7/16, 46, 23, , 28, , 
2022/7/17, 43, 30, , 52, , 
2022/7/18, 53, 44, , 45, , 
2022/7/19, 69, 33, , 21, , 
2022/7/20, 59, 21, , 15, , 
2022/7/21, 49, 26, , 20, , 
2022/7/22, 55, 23, , 8, , 
2022/7/23, 52, 25, , 21, , 
2022/7/24, 51, 16, , 3, , 
2022/7/25, 33, 15, , 7, , 
2022/7/26, 26, 22, , 24, , 
2022/7/27, 37, 23, , 26, , 
2022/7/28, 38, 26, , 30, , 
2022/7/29, 41, 21, , 19, , 
2022/7/30, 41, 11, , 6, , 
2022/7/31, 25, 10, , 8, , 
2022/8/1, 18, 19, , 19, , 
2022/8/2, 32, 25, , 32, , 
2022/8/3, 41, 21, , 14, , 
2022/8/4, 32, 19, , 13, , 
2022/8/5, 37, 17, , 21, , 
2022/8/6, 30, 17, , 22, , 
2022/8/7, 31, 21, , 25, , 
2022/8/8, 40, 25, , 26, , 
2022/8/9, 44, 27, , 31, , 
2022/8/10, 50, 31, , 39, , 
2022/8/11, 54, 32, , 43, , 
2022/8/12, 57, 20, , 36, , 
2022/8/13, 45, 23, , 27, , 
2022/8/14, 48, 21, , 20, , 
2022/8/15, 53, 34, , 33, , 
2022/8/16, 66, 25, , 27, , 
2022/8/17, 57, 26, , 19, , 
2022/8/18, 57, 13, , 4, , 
2022/8/19, 39, 18, , 6, , 
2022/8/20, 40, 20, , 21, , 
2022/8/21, 47, 19, , 12, , 
2022/8/22, 40, 21, , 20, , 
2022/8/23, 43, 25, , 33, , 
2022/8/24, 43, 31, , 25, , 
2022/8/25, 53, 16, , 11, , 
2022/8/26, 35, 19, , 21, , 
2022/8/27, 41, 23, , 23, , 
2022/8/28, 50, 27, , 28, , 
2022/8/29, 49, 29, , 21, , 
2022/8/30, 52, 31, , 20, , 
2022/8/31, 52, 31, , 34, , 
2022/9/1, 55, 30, , 34, , 
2022/9/2, 52, 20, , 22, , 
2022/9/3, 45, 25, , 32, , 
2022/9/4, 55, 23, , 29, , 
2022/9/5, 43, 24, , 25, , 
2022/9/6, 44, 28, , 29, , 
2022/9/7, 49, 21, , 22, , 
2022/9/8, 43, 19, , 16, , 
2022/9/9, 37, 14, , 10, , 
2022/9/10, 30, 22, , 24, , 
2022/9/11, 55, 26, , 34, , 
2022/9/12, 51, 36, , 38, , 
2022/9/13, 58, 23, , 16, , 
2022/9/14, 42, 20, , 12, , 
2022/9/15, 40, 22, , 13, , 
2022/9/16, 36, 14, , 6, , 
2022/9/17, 24, 16, , 9, , 
2022/9/18, 29, 18, , 20, , 
2022/9/19, 36, 27, , 27, , 
2022/9/20, 43, 32, , 30, , 
2022/9/21, 50, 37, , 38, , 
2022/9/22, 51, 48, , 43, , 
2022/9/23, 71, 19, , 25, , 
2022/9/24, 51, 16, , 13, , 
2022/9/25, 36, 15, , 15, , 
2022/9/26, 29, 15, , 10, , 
2022/9/27, 35, 13, , 9, , 
2022/9/28, 28, 25, , 25, , 
2022/9/29, 49, 35, , 27, , 
2022/9/30, 67, 14, , 7, , 
2022/4/1, 38, 21, , 19, , 
2022/4/2, 46, 22, , 21, , 
2022/4/3, 53, 20, , 18, , 
2022/4/4, 39, 16, , 16, , 
2022/4/5, 41, 17, , 15, , 
2022/4/6, 36, 14, , 9, , 
2022/4/7, 25, 16, , 26, , 
2022/4/8, 34, 12, , 18, , 
2022/4/9, 36, 30, , 30, , 
2022/4/10, 62, 21, , 32, , 
2022/4/11, 44, 27, , 27, , 
2022/4/12, 44, 24, , 32, , 
2022/4/13, 53, 32, , 31, , 
2022/4/14, 62, 24, , 29, , 
2022/4/15, 48, 27, , 27, , 
2022/4/16, 60, 22, , 31, , 
2022/4/17, 42, 20, , 29, , 
2022/4/18, 38, 22, , 12, , 
2022/4/19, 41, 38, , 26, , 
2022/4/20, 64, 34, , 37, , 
2022/4/21, 52, 31, , 30, , 
2022/4/22, 49, 28, , 28, , 
2022/4/23, 60, 25, , 18, , 
2022/4/24, 59, 28, , 14, , 
2022/4/25, 57, 34, , 22, , 
2022/4/26, 66, 34, , 29, , 
2022/4/27, 61, 38, , 34, , 
2022/4/28, 65, 39, , 24, , 
2022/4/29, 67, 28, , 19, , 
2022/4/30, 58, 26, , 23, , 
2022/5/1, 55, 36, , 27, , 
2022/5/2, 65, 34, , 22, , 
2022/5/3, 63, 31, , 17, , 
2022/5/4, 55, 17, , 10, , 
2022/5/5, 45, 23, , 16, , 
2022/5/6, 52, 23, , 18, , 
2022/5/7, 47, 30, , 18, , 
2022/5/8, 71, 36, , 31, , 
2022/5/9, 62, 40, , 32, , 
2022/5/10, 62, 38, , 22, , 
2022/5/11, 45, 22, , 8, , 
2022/5/12, 37, 18, , 10, , 
2022/5/13, 26, 28, , 34, , 
2022/5/14, 47, 32, , 30, , 
2022/5/15, 47, 26, , 18, , 
2022/5/16, 43, 33, , 38, , 
2022/5/17, 49, 26, , 27, , 
2022/5/18, 39, 34, , 25, , 
2022/5/19, 56, 28, , 22, , 
2022/5/20, 52, 26, , 29, , 
2022/5/21, 45, 29, , 31, , 
2022/5/22, 50, 22, , 18, , 
2022/5/23, 42, 17, , 10, , 
2022/5/24, 31, 20, , 14, , 
2022/5/25, 39, 10, , 3, , 
2022/5/26, 18, 12, , 5, , 
2022/5/27, 29, 31, , 18, , 
2022/5/28, 49, 19, , 19, , 
2022/5/29, 37, 26, , 29, , 
2022/5/30, 46, 28, , 24, , 
2022/5/31, 56, , , 20, , 
2022/6/2, 44, 36, , 40, , 
2022/6/3, 54, 28, , 28, , 
2022/6/4, 55, 15, , 11, , 
2022/6/5, 39, 14, , 11, , 
2022/6/6, 18, 15, , 14, , 
2022/6/7, 21, 18, , 15, , 
2022/6/8, 27, 19, , 4, , 
2022/6/9, 24, 22, , 19, , 
2022/6/10, 39, 21, , 15, , 
2022/6/11, 33, 18, , 11, , 
2022/6/12, 28, 24, , 17, , 
2022/6/13, 36, 28, , 36, , 
2022/6/14, 48, 32, , 32, , 
2022/6/15, 55, 34, , 38, , 
2022/6/16, 51, 38, , 52, , 
2022/6/17, 56, 42, , 45, , 
2022/6/18, 62, 38, , 17, , 
2022/6/19, 58, 29, , 20, , 
2022/6/20, 58, 29, , 30, , 
2022/6/21, 55, 35, , 29, , 
2022/6/22, 61, 30, , 29, , 
2022/6/23, 52, 23, , 20, , 
2022/6/24, 32, 18, , 21, , 
2022/6/25, 33, 24, , 23, , 
2022/6/26, 37, 19, , 14, , 
2022/6/27, 28, 25, , 28, , 
2022/6/28, 36, 24, , 22, , 
2022/6/29, 32, 14, , 18, , 
2022/6/30, 28, 13, , 15, , 
2022/1/3, 35, 9, , 19, , 
2022/1/4, 26, 15, , 11, , 
2022/1/5, 33, 29, , 27, , 
2022/1/6, 57, 15, , 18, , 
2022/1/7, 39, 13, , 25, , 
2022/1/8, 34, 13, , 18, , 
2022/1/9, 39, 32, , 37, , 
2022/1/10, 78, 40, , 31, , 
2022/1/11, 75, 48, , 33, , 
2022/1/12, 100, 29, , 25, , 
2022/1/13, 62, 54, , 37, , 
2022/1/14, 102, 66, , 34, , 
2022/1/15, 150, 34, , 22, , 
2022/1/16, 84, 37, , 26, , 
2022/1/17, 78, 43, , 35, , 
2022/1/18, 65, 29, , 19, , 
2022/1/19, 65, 23, , 21, , 
2022/1/20, 49, 23, , 23, , 
2022/1/21, 48, 26, , 19, , 
2022/1/22, 58, 29, , 24, , 
2022/1/23, 68, 44, , 32, , 
2022/1/24, 87, 50, , 28, , 
2022/1/25, 116, 48, , 28, , 
2022/1/26, 112, 44, , 24, , 
2022/1/27, 95, 37, , 25, , 
2022/1/28, 84, 16, , 18, , 
2022/1/29, 52, 24, , 19, , 
2022/1/30, 48, 16, , 8, , 
2022/1/31, 35, 15, , 16, , 
2022/2/1, 38, 12, , 9, , 
2022/2/2, 32, 22, , 20, , 
2022/2/3, 46, 15, , 16, , 
2022/2/4, 40, 28, , 34, , 
2022/2/5, 57, 12, , 10, , 
2022/2/6, 30, 17, , 9, , 
2022/2/7, 35, 37, , 31, , 
2022/2/8, 67, 40, , 36, , 
2022/2/9, 74, 25, , 18, , 
2022/2/10, 63, 21, , 21, , 
2022/2/11, 47, 37, , 33, , 
2022/2/12, 68, 43, , 29, , 
2022/2/13, 84, 24, , 19, , 
2022/2/14, 48, 20, , 17, , 
2022/2/15, 38, 9, , 14, , 
2022/2/16, 27, 27, , 9, , 
2022/2/17, 45, 15, , 15, , 
2022/2/18, 31, 16, , 12, , 
2022/2/19, 36, 17, , 11, , 
2022/2/20, 36, 21, , 5, , 
2022/2/21, 38, 26, , 13, , 
2022/2/22, 48, 28, , 26, , 
2022/2/23, 50, 18, , 16, , 
2022/2/24, 38, 15, , 8, , 
2022/2/25, 32, 32, , 32, , 
2022/2/26, 61, 23, , 27, , 
2022/2/27, 51, 31, , 37, , 
2022/2/28, 62, 48, , 43, , 
2022/3/1, 86, 47, , 35, , 
2022/3/2, 92, 51, , 31, , 
2022/3/3, 104, 53, , 29, , 
2022/3/4, 108, 39, , 26, , 
2022/3/5, 91, 46, , 23, , 
2022/3/6, 110, 40, , 24, , 
2022/3/7, 87, 48, , 40, , 
2022/3/8, 98, 46, , 39, , 
2022/3/9, 87, 39, , 40, , 
2022/3/10, 70, 30, , 35, , 
2022/3/11, 53, 21, , 30, , 
2022/3/12, 46, 16, , 27, , 
2022/3/13, 41, 27, , 31, , 
2022/3/14, 52, 24, , 34, , 
2022/3/15, 57, 44, , 27, , 
2022/3/16, 65, 19, , 16, , 
2022/3/17, 40, 32, , 25, , 
2022/3/18, 67, 34, , 26, , 
2022/3/19, 75, 28, , 25, , 
2022/3/20, 60, 45, , 32, , 
2022/3/21, 81, 41, , 41, , 
2022/3/22, 75, 49, , 48, , 
2022/3/23, 82, 52, , 48, , 
2022/3/24, 83, 57, , 42, , 
2022/3/25, 105, 49, , 33, , 
2022/3/26, 89, 46, , 35, , 
2022/3/27, 81, 58, , 41, , 
2022/3/28, 97, 50, , 35, , 
2022/3/29, 81, 51, , 30, , 
2022/3/30, 118, 29, , 16, , 
2022/3/31, 69, 12, , 14, , 
2021/10/1, 48, 20, , 25, , 
2021/10/2, 41, 16, , 19, , 
2021/10/3, 39, 26, , 30, , 
2021/10/4, 42, 15, , 15, , 
2021/10/5, 26, 17, , 7, , 
2021/10/6, 25, 32, , 32, , 
2021/10/7, 53, 25, , 27, , 
2021/10/8, 50, 35, , 33, , 
2021/10/9, 73, 37, , 25, , 
2021/10/10, 78, 29, , 20, , 
2021/10/11, 55, 21, , 14, , 
2021/10/12, 36, 28, , 29, , 
2021/10/13, 44, 47, , 35, , 
2021/10/14, 81, 46, , 37, , 
2021/10/15, 81, 30, , 35, , 
2021/10/16, 60, 34, , 34, , 
2021/10/17, 64, 33, , 30, , 
2021/10/18, 64, 27, , 35, , 
2021/10/19, 50, 24, , 24, , 
2021/10/20, 45, 21, , 12, , 
2021/10/21, 30, 26, , 21, , 
2021/10/22, 45, 29, , 29, , 
2021/10/23, 54, 29, , 29, , 
2021/10/24, 61, 31, , 30, , 
2021/10/25, 64, 23, , 24, , 
2021/10/26, 45, 35, , 31, , 
2021/10/27, 61, 34, , 34, , 
2021/10/28, 58, 29, , 36, , 
2021/10/29, 57, 21, , 31, , 
2021/10/30, 48, 19, , 22, , 
2021/10/31, 42, 20, , 20, , 
2021/11/1, 32, 19, , 27, , 
2021/11/2, 34, 15, , 17, , 
2021/11/3, 42, 16, , 12, , 
2021/11/4, 30, 17, , 14, , 
2021/11/5, 27, 35, , 33, , 
2021/11/6, 73, 21, , 17, , 
2021/11/7, 45, 33, , 24, , 
2021/11/8, 58, 49, , 35, , 
2021/11/9, 91, 57, , 34, , 
2021/11/10, 115, 46, , 30, , 
2021/11/11, 108, 42, , 27, , 
2021/11/12, 87, 15, , 14, , 
2021/11/13, 32, 19, , 18, , 
2021/11/14, 44, 26, , 17, , 
2021/11/15, 64, 28, , 22, , 
2021/11/16, 56, 28, , 19, , 
2021/11/17, 61, 43, , 33, , 
2021/11/18, 76, 41, , 35, , 
2021/11/19, 74, 24, , 29, , 
2021/11/20, 55, 20, , 22, , 
2021/11/21, 54, 24, , 22, , 
2021/11/22, 47, 27, , 26, , 
2021/11/23, 53, 33, , 32, , 
2021/11/24, 62, 36, , 25, , 
2021/11/25, 75, 22, , 18, , 
2021/11/26, 36, 11, , 16, , 
2021/11/27, 31, 11, , 7, , 
2021/11/28, 22, , , , , 
2021/11/29, 45, 20, , 21, , 
2021/11/30, 44, 13, , 13, , 
2021/12/1, 28, 14, , 12, , 
2021/12/2, 36, 25, , 32, , 
2021/12/3, 55, 9, , 11, , 
2021/12/4, 27, 8, , 12, , 
2021/12/5, 33, 18, , 23, , 
2021/12/6, 44, 21, , 28, , 
2021/12/7, 46, 16, , 23, , 
2021/12/8, 41, 29, , 32, , 
2021/12/9, 51, 12, , 11, , 
2021/12/10, 28, 30, , 26, , 
2021/12/11, 60, 24, , 31, , 
2021/12/12, 64, 23, , 31, , 
2021/12/13, 54, 38, , 34, , 
2021/12/14, 70, 38, , 34, , 
2021/12/15, 73, 46, , 37, , 
2021/12/16, 85, 35, , 30, , 
2021/12/17, 75, 29, , 26, , 
2021/12/18, 69, 21, , 21, , 
2021/12/19, 57, 25, , 25, , 
2021/12/20, 59, 41, , 35, , 
2021/12/21, 74, 41, , 28, , 
2021/12/22, 88, 47, , 32, , 
2021/12/23, 92, 30, , 30, , 
2021/12/24, 64, 28, , 31, , 
2021/12/25, 73, 19, , 27, , 
2021/12/26, 57, 19, , 29, , 
2021/12/27, 44, 17, , 12, , 
2021/12/28, 34, 16, , 20, , 
2021/12/29, 39, 15, , 18, , 
2021/12/30, 37, 22, , 26, , 
2021/12/31, 52, 25, , 24, , 
2022/1/1, 64, 17, , 16, , 
2022/1/2, 48, 21, , 19, , 
2021/7/1, 51, 41, , 39, , 
2021/7/2, 80, 22, , 20, , 
2021/7/3, 44, 17, , 17, , 
2021/7/4, 39, 18, , 21, , 
2021/7/5, 36, 24, , 18, , 
2021/7/6, 37, 25, , 23, , 
2021/7/7, 49, 19, , 13, , 
2021/7/8, 34, 23, , 20, , 
2021/7/9, 47, 20, , 15, , 
2021/7/10, 40, 19, , 22, , 
2021/7/11, 38, 28, , 29, , 
2021/7/12, 54, 15, , 15, , 
2021/7/13, 45, 15, , 6, , 
2021/7/14, 38, 18, , 7, , 
2021/7/15, 41, 19, , 13, , 
2021/7/16, 41, 33, , 20, , 
2021/7/17, 64, 23, , 20, , 
2021/7/18, 47, 31, , 31, , 
2021/7/19, 58, 34, , 32, , 
2021/7/20, 66, 41, , 34, , 
2021/7/21, 68, 38, , 36, , 
2021/7/22, 60, 41, , 38, , 
2021/7/23, 60, 24, , 20, , 
2021/7/24, 40, 18, , 23, , 
2021/7/25, 43, 19, , 14, , 
2021/7/26, 39, 26, , 31, , 
2021/7/27, 57, 21, , 16, , 
2021/7/28, 35, 18, , 15, , 
2021/7/29, 24, 28, , 20, , 
2021/7/30, 43, 13, , 6, , 
2021/7/31, 25, 12, , 6, , 
2021/8/1, 23, 16, , 13, , 
2021/8/2, 28, 13, , 13, , 
2021/8/3, 29, 27, , 29, , 
2021/8/4, 49, 26, , 24, , 
2021/8/5, 44, 15, , 13, , 
2021/8/6, 22, 15, , 15, , 
2021/8/7, 29, 16, , 9, , 
2021/8/8, 25, 20, , 19, , 
2021/8/9, 36, 25, , 19, , 
2021/8/10, 40, 22, , 25, , 
2021/8/11, 41, 30, , 25, , 
2021/8/12, 54, 23, , 16, , 
2021/8/13, 38, 27, , 28, , 
2021/8/14, 48, 30, , 21, , 
2021/8/15, 51, 18, , 5, , 
2021/8/16, 35, 22, , 6, , 
2021/8/17, 38, 13, , 5, , 
2021/8/18, 23, 15, , 15, , 
2021/8/19, 28, 25, , 26, , 
2021/8/20, 40, 19, , 18, , 
2021/8/21, 41, 11, , 4, , 
2021/8/22, 24, 20, , 12, , 
2021/8/23, 36, 27, , 25, , 
2021/8/24, 51, 25, , 26, , 
2021/8/25, 47, 19, , 14, , 
2021/8/26, 31, 25, , 18, , 
2021/8/27, 41, 18, , 13, , 
2021/8/28, 33, 19, , 16, , 
2021/8/29, 40, 25, , 21, , 
2021/8/30, 46, 30, , 29, , 
2021/8/31, 56, 33, , 24, , 
2021/9/1, 62, 34, , 26, , 
2021/9/2, 64, 36, , 39, , 
2021/9/3, 61, 34, , 43, , 
2021/9/4, 68, 32, , 39, , 
2021/9/5, 63, 33, , 46, , 
2021/9/6, 62, 35, , 42, , 
2021/9/7, 56, 39, , 43, , 
2021/9/8, 60, 30, , 27, , 
2021/9/9, 53, 22, , 25, , 
2021/9/10, 40, 12, , 10, , 
2021/9/11, 24, 26, , 30, , 
2021/9/12, 49, 30, , 36, , 
2021/9/13, 50, 30, , 35, , 
2021/9/14, 58, 24, , 26, , 
2021/9/15, 54, 21, , 32, , 
2021/9/16, 39, 33, , 37, , 
2021/9/17, 63, 25, , 31, , 
2021/9/18, 54, 17, , 14, , 
2021/9/19, 44, 13, , 11, , 
2021/9/20, 27, 30, , 25, , 
2021/9/21, 63, 31, , 31, , 
2021/9/22, 63, 31, , 24, , 
2021/9/23, 57, 26, , 27, , 
2021/9/24, 49, 32, , 37, , 
2021/9/25, 68, 26, , 28, , 
2021/9/26, 59, 21, , 23, , 
2021/9/27, 41, 29, , 33, , 
2021/9/28, 54, 16, , 13, , 
2021/9/29, 22, 30, , 32, , 
2021/9/30, 42, 29, , 33, , 
2021/4/1, 104, 37, , 21, , 
2021/4/2, 69, 29, , 19, , 
2021/4/3, 60, 33, , 13, , 
2021/4/4, 67, 25, , 13, , 
2021/4/5, 57, 16, , 13, , 
2021/4/6, 40, 14, , 9, , 
2021/4/7, 38, 30, , 33, , 
2021/4/8, 55, 48, , 38, , 
2021/4/9, 81, 19, , 25, , 
2021/4/10, 64, 13, , 12, , 
2021/4/11, 52, 15, , 11, , 
2021/4/12, 48, 27, , 23, , 
2021/4/13, 67, 32, , 29, , 
2021/4/14, 66, 33, , 25, , 
2021/4/15, 74, 30, , 25, , 
2021/4/16, 67, 29, , 20, , 
2021/4/17, 75, 27, , 17, , 
2021/4/18, 66, 36, , 24, , 
2021/4/19, 73, 44, , 39, , 
2021/4/20, 80, 51, , 34, , 
2021/4/21, 104, 43, , 23, , 
2021/4/22, 64, 41, , 31, , 
2021/4/23, 60, 34, , 25, , 
2021/4/24, 58, 31, , 14, , 
2021/4/25, 57, 34, , 22, , 
2021/4/26, 55, 39, , 29, , 
2021/4/27, 68, 46, , 38, , 
2021/4/28, 72, 39, , 17, , 
2021/4/29, 81, 33, , 34, , 
2021/4/30, 63, 29, , 23, , 
2021/5/1, 70, 21, , 14, , 
2021/5/2, 60, 35, , 29, , 
2021/5/3, 64, 24, , 13, , 
2021/5/4, 33, 20, , 9, , 
2021/5/5, 33, 18, , 27, , 
2021/5/6, 46, 16, , 11, , 
2021/5/7, 47, 25, , 29, , 
2021/5/8, 53, 29, , 25, , 
2021/5/9, 52, 23, , 23, , 
2021/5/10, 45, 21, , 23, , 
2021/5/11, 46, 29, , 33, , 
2021/5/12, 55, 14, , 19, , 
2021/5/13, 41, 17, , 24, , 
2021/5/14, 43, 15, , 18, , 
2021/5/15, 38, 16, , 16, , 
2021/5/16, 40, 11, , 9, , 
2021/5/17, 24, 16, , 14, , 
2021/5/18, 37, 15, , 12, , 
2021/5/19, 32, 26, , 22, , 
2021/5/20, 43, 29, , 16, , 
2021/5/21, 46, 16, , 12, , 
2021/5/22, 34, 17, , 16, , 
2021/5/23, 36, 16, , 18, , 
2021/5/24, 37, 18, , 10, , 
2021/5/25, 37, 15, , 12, , 
2021/5/26, 31, 25, , 29, , 
2021/5/27, 51, 31, , 35, , 
2021/5/28, 64, 27, , 32, , 
2021/5/29, 58, 22, , 24, , 
2021/5/30, 55, 29, , 32, , 
2021/5/31, 57, 33, , 45, , 
2021/6/3, 58, 21, , 36, , 
2021/6/4, 49, 12, , 5, , 
2021/6/5, 39, 15, , 11, , 
2021/6/6, 34, 25, , 22, , 
2021/6/7, 47, 32, , 20, , 
2021/6/8, 67, 26, , 37, , 
2021/6/9, 56, 24, , 30, , 
2021/6/10, 55, 16, , 19, , 
2021/6/11, 36, 12, , 11, , 
2021/6/12, 30, 23, , 23, , 
2021/6/13, 48, 34, , 38, , 
2021/6/14, 59, 27, , 24, , 
2021/6/15, 57, 43, , 51, , 
2021/6/16, 79, 29, , 30, , 
2021/6/17, 50, 28, , 30, , 
2021/6/18, 55, 22, , 25, , 
2021/6/19, 58, 21, , 24, , 
2021/6/20, 46, 16, , 26, , 
2021/6/21, 51, 25, , 25, , 
2021/6/22, 54, , , 21, , 
2021/6/23, 58, 20, , 12, , 
2021/6/24, 43, 31, , 26, , 
2021/6/25, 59, 23, , 30, , 
2021/6/26, 55, 24, , 26, , 
2021/6/27, 60, 25, , 26, , 
2021/6/28, 43, 21, , 28, , 
2021/6/29, 50, 15, , 7, , 
2021/6/30, 40, 20, , 14, , 
2021/1/4, 74, 35, , 21, , 
2021/1/5, 82, 32, , 17, , 
2021/1/6, 83, 23, , 16, , 
2021/1/7, 64, 33, , 32, , 
2021/1/8, 70, 37, , 28, , 
2021/1/9, 87, 31, , 28, , 
2021/1/10, 77, 50, , 37, , 
2021/1/11, 109, 12, , 17, , 
2021/1/12, 37, 13, , 21, , 
2021/1/13, 39, 6, , 9, , 
2021/1/14, 25, 25, , 19, , 
2021/1/15, 65, 27, , 26, , 
2021/1/16, 73, 17, , 14, , 
2021/1/17, 48, 31, , 29, , 
2021/1/18, 59, 21, , 26, , 
2021/1/19, 51, 28, , 28, , 
2021/1/20, 48, 15, , 20, , 
2021/1/21, 36, 20, , 28, , 
2021/1/22, 46, 15, , 21, , 
2021/1/23, 48, 18, , 27, , 
2021/1/24, 58, 13, , 12, , 
2021/1/25, 37, 30, , 31, , 
2021/1/26, 58, 25, , 29, , 
2021/1/27, 61, 10, , 16, , 
2021/1/28, 36, 14, , 9, , 
2021/1/29, 35, 22, , 28, , 
2021/1/30, 54, 17, , 27, , 
2021/1/31, 56, 16, , 25, , 
2021/2/1, 43, 12, , 17, , 
2021/2/2, 41, 12, , 18, , 
2021/2/3, 39, 30, , 36, , 
2021/2/4, 57, 34, , 34, , 
2021/2/5, 67, 19, , 29, , 
2021/2/6, 59, 12, , 10, , 
2021/2/7, 50, 35, , 20, , 
2021/2/8, 93, 42, , 26, , 
2021/2/9, 99, 33, , 23, , 
2021/2/10, 87, 39, , 28, , 
2021/2/11, 76, 33, , 26, , 
2021/2/12, 60, 28, 23, 28, , 
2021/2/13, 68, 30, 23, 26, , 
2021/2/14, 74, 38, 12, 36, , 
2021/2/15, 72, 23, 24, 29, , 
2021/2/16, 60, 28, 22, 31, , 
2021/2/17, 54, 31, 22, 34, , 
2021/2/18, 56, 25, 17, 40, , 
2021/2/19, 60, 39, 26, 34, , 
2021/2/20, 62, 28, 27, 34, , 
2021/2/21, 59, 54, 20, 42, , 
2021/2/22, 89, 49, 21, 29, , 
2021/2/23, 75, 58, 19, 34, , 
2021/2/24, 89, 56, 25, 26, , 
2021/2/25, 85, 23, 26, 20, , 
2021/2/26, 57, 30, , 23, , 
2021/2/27, 66, 36, , 21, , 
2021/2/28, 84, 39, , 31, , 
2021/3/1, 80, 58, , 42, , 
2021/3/2, 108, 63, , 40, , 
2021/3/3, 113, 25, , 14, , 
2021/3/4, 64, 25, , 24, , 
2021/3/5, 57, 26, , 24, , 
2021/3/6, 64, 30, , 21, , 
2021/3/7, 81, 40, , 25, , 
2021/3/8, 90, 34, , 19, , 
2021/3/9, 80, 46, , 29, , 
2021/3/10, 93, 14, , 9, , 
2021/3/11, 34, 18, , 14, , 
2021/3/12, 37, 10, , 8, , 
2021/3/13, 36, 13, , 4, , 
2021/3/14, 33, 12, , 9, , 
2021/3/15, 36, 19, , 15, , 
2021/3/16, 58, 15, , 11, , 
2021/3/17, 42, 17, , 16, , 
2021/3/18, 39, 22, , 25, , 
2021/3/19, 53, 30, , 21, , 
2021/3/20, 73, 20, , 12, , 
2021/3/21, 62, 25, , 20, , 
2021/3/22, 48, 46, , 40, , 
2021/3/23, 88, 44, , 31, , 
2021/3/24, 94, 37, , 31, , 
2021/3/25, 78, 36, , 32, , 
2021/3/26, 65, 15, , 10, , 
2021/3/27, 39, 28, , 24, , 
2021/3/28, 59, 44, , 42, , 
2021/3/29, 74, 42, , 47, , 
2021/3/30, 71, 52, , 45, , 
2021/3/31, 91, 58, , 50, , 
2020/10/1, 45, 16, 14, 29, , 
2020/10/2, 46, 18, 19, 29, , 
2020/10/3, 53, 13, 20, 17, , 
2020/10/4, 36, 11, 23, 17, , 
2020/10/5, 30, 13, 19, 13, , 
2020/10/6, 30, 12, , 9, , 
2020/10/7, 28, 17, , 17, , 
2020/10/8, 43, 13, , 12, , 
2020/10/9, 33, 11, , 6, , 
2020/10/10, 28, 9, , 8, , 
2020/10/11, 28, 19, , 19, , 
2020/10/12, 44, 14, , 21, , 
2020/10/13, 41, 24, , 26, , 
2020/10/14, 56, 21, , 21, , 
2020/10/15, 51, 25, , 23, , 
2020/10/16, 54, 30, , 26, , 
2020/10/17, 74, 29, , 24, , 
2020/10/18, 73, 37, , 31, , 
2020/10/19, 82, 24, , 33, , 
2020/10/20, 57, 22, , 25, , 
2020/10/21, 48, 27, , 30, , 
2020/10/22, 54, 19, , 24, , 
2020/10/23, 44, 14, , 19, , 
2020/10/24, 36, 12, , 21, , 
2020/10/25, 39, 16, , 19, , 
2020/10/26, 37, 18, , 23, , 
2020/10/27, 43, 19, , 19, , 
2020/10/28, 39, 18, , 20, , 
2020/10/29, 38, 21, , 23, , 
2020/10/30, 46, 19, , 22, , 
2020/10/31, 49, 6, , 9, , 
2020/11/1, 20, 11, , 9, , 
2020/11/2, 30, 21, , 19, , 
2020/11/3, 41, 29, , 33, , 
2020/11/4, 61, 31, , 28, , 
2020/11/5, 65, 30, , 25, , 
2020/11/6, 69, 32, , 27, , 
2020/11/7, 74, , , , , 
2020/11/10, 57, 19, , 21, , 
2020/11/11, 55, 23, , 24, , 
2020/11/12, 47, 30, , 28, , 
2020/11/13, 63, 22, , 23, , 
2020/11/14, 54, 16, , 11, , 
2020/11/15, 40, 21, , 16, , 
2020/11/16, 44, 26, , 27, , 
2020/11/17, 46, 32, , 30, , 
2020/11/18, 60, 15, , 8, , 
2020/11/19, 37, 32, , 28, , 
2020/11/20, 61, 33, , 29, , 
2020/11/21, 71, 36, , 29, , 
2020/11/22, 85, 37, , 32, , 
2020/11/23, 83, 38, , 30, , 
2020/11/24, 78, 44, , 36, , 
2020/11/25, 88, 53, , 38, , 
2020/11/26, 111, 53, , 34, , 
2020/11/27, 110, 44, , 30, , 
2020/11/28, 100, 28, , 22, , 
2020/11/29, 71, 43, , 25, , 
2020/11/30, 91, 18, , 13, , 
2020/12/1, 43, 23, , 17, , 
2020/12/2, 49, 18, , 26, , 
2020/12/3, 50, 15, , 25, , 
2020/12/4, 39, 18, , 27, , 
2020/12/5, 52, 21, , 24, , 
2020/12/6, 56, 44, , 31, , 
2020/12/7, 91, 28, , 19, , 
2020/12/8, 69, 46, , 29, , 
2020/12/9, 94, 31, , 28, , 
2020/12/10, 61, 17, , 29, , 
2020/12/11, 49, 13, , 11, , 
2020/12/12, 35, 19, , 24, , 
2020/12/13, 50, 22, , 30, , 
2020/12/14, 54, 18, , 26, , 
2020/12/15, 54, 35, , 37, , 
2020/12/16, 70, 25, , 30, , 
2020/12/17, 53, 30, , 32, , 
2020/12/18, 62, 22, , 29, , 
2020/12/19, 59, 22, , 23, , 
2020/12/20, 50, 14, , 23, , 
2020/12/21, 41, 9, , 16, , 
2020/12/22, 25, 16, , 22, , 
2020/12/23, 43, 10, , 10, , 
2020/12/24, 34, 10, , 9, , 
2020/12/25, 33, 24, , 23, , 
2020/12/26, 54, 9, , 15, , 
2020/12/27, 34, 13, , 26, , 
2020/12/28, 43, 15, , 24, , 
2020/12/29, 49, 17, , 18, , 
2020/12/30, 51, 14, , 19, , 
2020/12/31, 48, 26, , 25, , 
2021/1/1, 71, 42, , 31, , 
2021/1/2, 105, 41, , 22, , 
2021/1/3, 105, 32, , 20, , 
2020/7/1, 36, 13, , 7, , 
2020/7/2, 28, 12, , 6, , 
2020/7/3, 27, 17, , 15, , 
2020/7/4, 36, 9, , 7, , 
2020/7/5, 26, 20, , 4, , 
2020/7/6, 38, 22, , 13, , 
2020/7/7, 35, , , 8, , 
2020/7/9, 38, 12, , 5, , 
2020/7/10, 28, 17, , 15, , 
2020/7/11, 36, 19, , 20, , 
2020/7/12, 42, 23, , 19, , 
2020/7/13, 50, 12, , 7, , 
2020/7/14, 35, 17, , 12, , 
2020/7/15, 47, 13, , 6, , 
2020/7/16, 36, 20, , 20, , 
2020/7/17, 45, 22, , 15, , 
2020/7/18, 49, 21, , 17, , 
2020/7/19, 47, 24, , 19, , 
2020/7/20, 45, 27, , 25, , 
2020/7/21, 43, 28, , 24, , 
2020/7/22, 46, 33, , 32, , 
2020/7/23, 56, 16, , 6, , 
2020/7/24, 38, 21, , 19, , 
2020/7/25, 43, 9, , 6, , 
2020/7/26, 27, 24, , 23, , 
2020/7/27, 45, 13, , 4, , 
2020/7/28, 28, 20, , 17, , 
2020/7/29, 41, 34, , 40, , 
2020/7/30, 56, 41, , 45, , 
2020/7/31, 65, 16, , 8, , 
2020/8/1, 40, 10, , 5, , 
2020/8/2, 29, 14, , 8, , 
2020/8/3, 31, 20, , 18, , 
2020/8/4, 40, 35, , 39, , 
2020/8/5, 54, 38, , 46, , 
2020/8/6, 60, 34, , 51, , 
2020/8/7, 63, 31, , 46, , 
2020/8/8, 62, 34, , 39, , 
2020/8/9, 65, 26, , 38, , 
2020/8/10, 65, 38, , 44, , 
2020/8/11, 72, 28, , 35, , 
2020/8/12, 68, 22, , 31, , 
2020/8/13, 53, 15, , 16, , 
2020/8/14, 46, 12, , 16, , 
2020/8/15, 40, 16, , 24, , 
2020/8/16, 49, 17, , 18, , 
2020/8/17, 43, 15, , 20, , 
2020/8/18, 35, 23, , 28, , 
2020/8/19, 50, 23, , 32, , 
2020/8/20, 54, 22, , 24, , 
2020/8/21, 47, 18, , 10, , 
2020/8/22, 38, 11, , 3, , 
2020/8/23, 28, 12, , 8, , 
2020/8/24, 29, 25, , 22, , 
2020/8/25, 41, 18, , 6, , 
2020/8/26, 32, 29, , 26, , 
2020/8/27, 48, 15, , 12, , 
2020/8/28, 35, 11, , 11, , 
2020/8/29, 30, 10, , 8, , 
2020/8/30, 32, 18, , 14, , 
2020/8/31, 33, 23, , 25, , 
2020/9/1, 52, 23, , 25, , 
2020/9/2, 42, 28, , 36, , 
2020/9/3, 48, 29, , 27, , 
2020/9/4, 44, 13, , 8, , 
2020/9/5, 27, 14, , 9, , 
2020/9/6, 29, 19, , 16, , 
2020/9/7, 37, 27, , 26, , 
2020/9/8, 51, 21, , 13, , 
2020/9/9, 39, 25, , 22, , 
2020/9/10, 47, 29, , 26, , 
2020/9/11, 47, 20, , 15, , 
2020/9/12, 45, 28, , 37, , 
2020/9/13, 53, 42, , 53, , 
2020/9/14, 68, 47, , 59, , 
2020/9/15, 76, 43, , 32, , 
2020/9/16, 70, 36, , 27, , 
2020/9/17, 57, 39, , 38, , 
2020/9/18, 60, 33, , 37, , 
2020/9/19, 66, 26, , 34, , 
2020/9/20, 62, 33, , 29, , 
2020/9/21, 57, 35, , 26, , 
2020/9/22, 64, 21, , 24, , 
2020/9/23, 48, 18, , 22, , 
2020/9/24, 40, 12, , 10, , 
2020/9/25, 30, 12, , 4, , 
2020/9/26, 26, 9, , 4, , 
2020/9/27, 25, 9, , 9, , 
2020/9/28, 30, 20, , 24, , 
2020/9/29, 52, 26, 21, 32, , 
2020/9/30, 59, 21, 21, 26, , 
2020/4/1, 61, 20, , 11, , 
2020/4/2, 53, 19, , 8, , 
2020/4/3, 44, 21, , 16, , 
2020/4/4, 48, 18, , 15, , 
2020/4/5, 47, 23, , 26, , 
2020/4/6, 52, 27, , 23, , 
2020/4/7, 66, 30, , 30, , 
2020/4/8, 64, 35, , 31, , 
2020/4/9, 74, 36, , 31, , 
2020/4/10, 68, 29, , 21, , 
2020/4/11, 60, 25, , 17, , 
2020/4/12, 56, 29, , 9, , 
2020/4/13, 59, 25, , 13, , 
2020/4/14, 42, 25, , 21, , 
2020/4/15, 45, 29, , 28, , 
2020/4/16, 53, 30, , 28, , 
2020/4/17, 59, 14, , 13, , 
2020/4/18, 24, 29, , 9, , 
2020/4/19, 69, 34, , 16, , 
2020/4/20, 72, 28, , 20, , 
2020/4/21, 42, 32, , 24, , 
2020/4/22, 53, 36, , 33, , 
2020/4/23, 65, 34, , 29, , 
2020/4/24, 63, 25, , 14, , 
2020/4/25, 52, 24, , 10, , 
2020/4/26, 54, 30, , 28, , 
2020/4/27, 55, 19, , 15, , 
2020/4/28, 34, 17, , 18, , 
2020/4/29, 32, 16, , 18, , 
2020/4/30, 25, 15, , 6, , 
2020/5/1, 25, 15, , 6, , 
2020/5/2, 27, 15, , 15, , 
2020/5/3, 36, 20, , 18, , 
2020/5/4, 43, 27, , 23, , 
2020/5/5, 62, 24, , 27, , 
2020/5/6, 51, 26, , 37, , 
2020/5/7, 52, 27, , 29, , 
2020/5/8, 56, 22, , 26, , 
2020/5/9, 57, 14, , 16, , 
2020/5/10, 42, 33, , 16, , 
2020/5/11, 46, 28, , 23, , 
2020/5/12, 45, 32, , 24, , 
2020/5/13, 60, 26, , 22, , 
2020/5/14, 43, 27, , 24, , 
2020/5/15, 48, 24, , 22, , 
2020/5/16, 51, 19, , 16, , 
2020/5/17, 45, 20, , 15, , 
2020/5/18, 39, 21, , 17, , 
2020/5/19, 44, 23, , 25, , 
2020/5/20, 43, 29, , 34, , 
2020/5/21, 55, 24, , 22, , 
2020/5/22, 49, 19, , 5, , 
2020/5/23, 40, 18, , 4, , 
2020/5/24, 42, 30, , 28, , 
2020/5/25, 56, 31, , 34, , 
2020/5/26, 57, 31, , 33, , 
2020/5/27, 57, 27, , 24, , 
2020/5/28, 48, 29, , 30, , 
2020/5/29, 45, 27, , 31, , 
2020/5/30, 54, 22, , 21, , 
2020/5/31, 45, 25, , 25, , 
2020/6/1, 50, 34, , 41, , 
2020/6/2, 59, 34, , 30, , 
2020/6/3, 59, 21, , 17, , 
2020/6/4, 53, 17, , 9, , 
2020/6/5, 30, 12, , 5, , 
2020/6/6, 37, 13, , 9, , 
2020/6/7, 37, 20, , 19, , 
2020/6/8, 49, 23, , 17, , 
2020/6/9, 50, 28, , 21, , 
2020/6/10, 55, 28, , 30, , 
2020/6/11, 57, 20, , 31, , 
2020/6/12, 48, 19, , 29, , 
2020/6/13, 47, 19, , 20, , 
2020/6/14, 44, 24, , 26, , 
2020/6/15, 46, 22, , 28, , 
2020/6/16, 50, 24, , 31, , 
2020/6/17, 54, 24, , 29, , 
2020/6/18, 48, 19, , 23, , 
2020/6/19, 45, 18, , 22, , 
2020/6/20, 46, 22, , 18, , 
2020/6/21, 49, 31, , 22, , 
2020/6/22, 54, 32, , 39, , 
2020/6/23, 63, 31, , 44, , 
2020/6/24, 60, 32, , 47, , 
2020/6/25, 62, 41, , 39, , 
2020/6/26, 71, , , , , 
2020/6/30, 33, 16, , 14, , 
2020/1/1, 92, 22, , 27, , 
2020/1/2, 62, 15, , 16, , 
2020/1/3, 43, 19, , 14, , 
2020/1/4, 41, 25, , 31, , 
2020/1/5, 54, 31, , 33, , 
2020/1/6, 66, 29, , 29, , 
2020/1/7, 63, 18, , 22, , 
2020/1/8, 49, 15, , 20, , 
2020/1/9, 43, 13, , 15, , 
2020/1/10, 35, 31, , 35, , 
2020/1/11, 62, 28, , 28, , 
2020/1/12, 60, 20, , 29, , 
2020/1/13, 45, 16, , 17, , 
2020/1/14, 37, 22, , 26, , 
2020/1/15, 52, 33, , 38, , 
2020/1/16, 64, 18, , 21, , 
2020/1/17, 42, 27, , 29, , 
2020/1/18, 52, 30, , 28, , 
2020/1/19, 55, 38, , 33, , 
2020/1/20, 65, 45, , 34, , 
2020/1/21, 84, 48, , 33, , 
2020/1/22, 101, 38, , 31, , 
2020/1/23, 86, 56, , 32, , 
2020/1/24, 129, 62, , 35, , 
2020/1/25, 144, 54, , 34, , 
2020/1/26, 127, 17, , 21, , 
2020/1/27, 45, 11, , 11, , 
2020/1/28, 21, 19, , 20, , 
2020/1/29, 38, 22, , 32, , 
2020/1/30, 52, 11, , 19, , 
2020/1/31, 28, 9, , 14, , 
2020/2/1, 26, 7, , 14, , 
2020/2/2, 27, 16, , 18, , 
2020/2/3, 33, 15, , 7, , 
2020/2/4, 39, 27, , 28, , 
2020/2/5, 49, 38, , 38, , 
2020/2/6, 62, 43, , 41, , 
2020/2/7, 71, 33, , 34, , 
2020/2/8, 67, 15, , 14, , 
2020/2/9, 35, 20, , 7, , 
2020/2/10, 41, 12, , 8, , 
2020/2/11, 30, 22, , 20, , 
2020/2/12, 38, 20, , 19, , 
2020/2/13, 41, 30, , 22, , 
2020/2/14, 52, 33, , 29, , 
2020/2/15, 61, 15, , 9, , 
2020/2/16, 35, 12, , 17, , 
2020/2/17, 28, 19, , 18, , 
2020/2/18, 34, 16, , 14, , 
2020/2/19, 37, 20, , 21, , 
2020/2/20, 42, 27, , 27, , 
2020/2/21, 45, 24, , 23, , 
2020/2/22, 49, 8, , 11, , 
2020/2/23, 26, 8, , 14, , 
2020/2/24, 23, 8, , 11, , 
2020/2/25, 23, 10, , 9, , 
2020/2/26, 25, 14, , 21, , 
2020/2/27, 36, 33, , 35, , 
2020/2/28, 57, 30, , 16, , 
2020/2/29, 49, 14, , 23, , 
2020/3/1, 40, 12, , 24, , 
2020/3/2, 40, 16, , 14, , 
2020/3/3, 44, 28, , 36, , 
2020/3/4, 56, 17, , 30, , 
2020/3/5, 48, 15, , 12, , 
2020/3/6, 38, 23, , 21, , 
2020/3/7, 55, 19, , 20, , 
2020/3/8, 42, 15, , 12, , 
2020/3/9, 33, 8, , 15, , 
2020/3/10, 31, 12, , 14, , 
2020/3/11, 30, 13, , 6, , 
2020/3/12, 31, 24, , 16, , 
2020/3/13, 42, 24, , 31, , 
2020/3/14, 56, 24, , 28, , 
2020/3/15, 57, 25, , 30, , 
2020/3/16, 62, 38, , 33, , 
2020/3/17, 84, 45, , 31, , 
2020/3/18, 98, 41, , 27, , 
2020/3/19, 86, 42, , 15, , 
2020/3/20, 97, 13, , 8, , 
2020/3/21, 40, 13, , 5, , 
2020/3/22, 40, 16, , 12, , 
2020/3/23, 39, 18, , 17, , 
2020/3/24, 43, 25, , 17, , 
2020/3/25, 59, , , , , 
2019/10/1, 39, 15, , 16, , 
2019/10/2, 33, 33, , 41, , 
2019/10/3, 63, 23, , 18, , 
2019/10/4, 46, 12, , 15, , 
2019/10/5, 34, 13, , 14, , 
2019/10/6, 39, 16, , 12, , 
2019/10/7, 32, 12, , 22, , 
2019/10/8, 33, 18, , 22, , 
2019/10/9, 42, 21, , 21, , 
2019/10/10, 43, 29, , 32, , 
2019/10/11, 55, 34, , 36, , 
2019/10/12, 64, 28, , 23, , 
2019/10/13, 59, 26, , 32, , 
2019/10/14, 49, 16, , 24, , 
2019/10/15, 35, 18, , 28, , 
2019/10/16, 44, 18, , 33, , 
2019/10/17, 45, 19, , 26, , 
2019/10/18, 41, 20, , 32, , 
2019/10/19, 49, 19, , 30, , 
2019/10/20, 53, 16, , 24, , 
2019/10/21, 40, 36, , 33, , 
2019/10/22, 77, 34, , 27, , 
2019/10/23, 68, 29, , 30, , 
2019/10/24, 62, 27, , 33, , 
2019/10/25, 58, 25, , 32, , 
2019/10/26, 55, 21, , 29, , 
2019/10/27, 54, 24, , 27, , 
2019/10/28, 51, 25, , 26, , 
2019/10/29, 55, 35, , 27, , 
2019/10/30, 76, 37, , 24, , 
2019/10/31, 80, 21, , 27, , 
2019/11/1, 59, 15, , 19, , 
2019/11/2, 36, 10, , 20, , 
2019/11/3, 35, 16, , 23, , 
2019/11/4, 36, 23, , 32, , 
2019/11/5, 51, 19, , 21, , 
2019/11/6, 49, 19, , 25, , 
2019/11/7, 41, 25, , 34, , 
2019/11/8, 55, 29, , 30, , 
2019/11/9, 68, 23, , 31, , 
2019/11/10, 65, 15, , 18, , 
2019/11/11, 46, 17, , 31, , 
2019/11/12, 45, 19, , 26, , 
2019/11/13, 43, 22, , 39, , 
2019/11/14, 53, 20, , 31, , 
2019/11/15, 62, 21, , 34, , 
2019/11/16, 60, 25, , 29, , 
2019/11/17, 67, 17, , 17, , 
2019/11/18, 53, 31, , 38, , 
2019/11/19, 66, 33, , 36, , 
2019/11/20, 68, 38, , 36, , 
2019/11/21, 76, 25, , 33, , 
2019/11/22, 52, 26, , 29, , 
2019/11/23, 67, 35, , 31, , 
2019/11/24, 86, 25, 11, 31, , 
2019/11/25, 56, 20, 15, 34, , 
2019/11/26, 51, 13, 21, 20, , 
2019/11/27, 36, 15, 22, 18, , 
2019/11/28, 36, 21, 15, 24, , 
2019/11/29, 45, 31, 18, 33, , 
2019/11/30, 58, 22, 14, 23, , 
2019/12/1, 61, 34, , 30, , 
2019/12/2, 74, 42, , 34, , 
2019/12/3, 82, 48, , 36, , 
2019/12/4, 96, 46, , 29, , 
2019/12/5, 107, 28, , 28, , 
2019/12/6, 77, 20, , 27, , 
2019/12/7, 48, 14, , 17, , 
2019/12/8, 39, 15, , 15, , 
2019/12/9, 34, 39, , 36, , 
2019/12/10, 66, 20, , 28, , 
2019/12/11, 45, 15, , 29, , 
2019/12/12, 44, 17, , 16, , 
2019/12/13, 36, 22, , 19, , 
2019/12/14, 43, 22, , 25, , 
2019/12/15, 44, 25, , 39, , 
2019/12/16, 60, 29, , 34, , 
2019/12/17, 58, 31, , 35, , 
2019/12/18, 61, 35, , 40, , 
2019/12/19, 66, 19, , 26, , 
2019/12/20, 41, 22, , 30, , 
2019/12/21, 50, 13, , 14, , 
2019/12/22, 36, 18, , 13, , 
2019/12/23, 37, 20, , 18, , 
2019/12/24, 45, 19, , 21, , 
2019/12/25, 47, 25, , 32, , 
2019/12/26, 56, 16, , 19, , 
2019/12/27, 43, 24, , 31, , 
2019/12/28, 61, 40, , 30, , 
2019/12/29, 92, , , , , 
2019/7/1, 34, 25, , 29, , 
2019/7/2, 47, 29, , 30, , 
2019/7/3, 50, 28, , 36, , 
2019/7/4, 54, 31, , 48, , 
2019/7/5, 56, 28, , 29, , 
2019/7/6, 54, 20, , 23, , 
2019/7/7, 50, 24, , 27, , 
2019/7/8, 48, 23, , 31, , 
2019/7/9, 44, 34, , 45, , 
2019/7/10, 59, 39, , 39, , 
2019/7/11, 61, 11, , 8, , 
2019/7/12, 32, , , 17, , 
2019/7/13, 41, , , 19, , 
2019/7/14, 45, 26, , 23, , 
2019/7/15, 46, 29, , 28, , 
2019/7/16, 56, 32, , 31, , 
2019/7/17, 56, 21, , 13, , 
2019/7/18, 40, 17, , 17, , 
2019/7/19, 36, 25, , 23, , 
2019/7/20, 49, 12, , 11, , 
2019/7/21, 33, 34, , 40, , 
2019/7/22, 55, 37, , 56, , 
2019/7/23, 60, 41, , 45, , 
2019/7/24, 66, 56, , 71, , 
2019/7/25, 81, 28, , 16, , 
2019/7/26, 54, 9, , 6, , 
2019/7/27, 24, 13, , 4, , 
2019/7/28, 36, 24, , 36, , 
2019/7/29, 51, 25, , 24, , 
2019/7/30, 39, 17, , 12, , 
2019/7/31, 29, 34, , 36, , 
2019/8/1, 54, 19, , 17, , 
2019/8/2, 42, 25, , 27, , 
2019/8/3, 57, 23, , 32, , 
2019/8/4, 53, 18, , 11, , 
2019/8/5, 39, 16, , 16, , 
2019/8/6, 43, 15, , 14, , 
2019/8/7, 37, 26, , 34, , 
2019/8/8, 54, 22, , 30, , 
2019/8/9, 54, 19, , 13, , 
2019/8/10, 39, 19, , 15, , 
2019/8/11, 45, 16, , 18, , 
2019/8/12, 38, 12, , 9, , 
2019/8/13, 33, 23, , 22, , 
2019/8/14, 42, 11, , 4, , 
2019/8/15, 25, 19, , 18, , 
2019/8/16, 40, 14, , 20, , 
2019/8/17, 42, 9, , 12, , 
2019/8/18, 32, 15, , 9, , 
2019/8/19, 33, 21, , 16, , 
2019/8/20, 45, 26, , 33, , 
2019/8/21, 50, 26, , 34, , 
2019/8/22, 53, 29, , 39, , 
2019/8/23, 58, 28, , 47, , 
2019/8/24, 64, 30, , 42, , 
2019/8/25, 71, 34, , 54, , 
2019/8/26, 70, 38, , 50, , 
2019/8/27, 70, 30, , 29, , 
2019/8/28, 59, 14, , 9, , 
2019/8/29, 37, 27, , 38, , 
2019/8/30, 48, 23, , 27, , 
2019/8/31, 45, 13, , 7, , 
2019/9/1, 29, 20, , 15, , 
2019/9/2, 33, 22, , 21, , 
2019/9/3, 42, 27, , 21, , 
2019/9/4, 48, 18, , 11, , 
2019/9/5, 33, 20, , 17, , 
2019/9/6, 41, 12, , 8, , 
2019/9/7, 26, 15, , 12, , 
2019/9/8, 32, 28, , 34, , 
2019/9/9, 52, 26, , 32, , 
2019/9/10, 44, 17, , 14, , 
2019/9/11, 35, 14, , 14, , 
2019/9/12, 33, 18, , 19, , 
2019/9/13, 40, 24, , 29, , 
2019/9/14, 57, 26, , 37, , 
2019/9/15, 59, 23, , 23, , 
2019/9/16, 48, 24, , 23, , 
2019/9/17, 53, 34, , 27, , 
2019/9/18, 50, 30, , 28, , 
2019/9/19, 48, 33, , 33, , 
2019/9/20, 46, 37, , 42, , 
2019/9/21, 63, 25, , 31, , 
2019/9/22, 54, 22, , 25, , 
2019/9/23, 45, 18, , 27, , 
2019/9/24, 43, 20, , 23, , 
2019/9/25, 43, 19, , 20, , 
2019/9/26, 40, 18, , 21, , 
2019/9/27, 37, 18, , 19, , 
2019/9/28, 42, 14, , 18, , 
2019/9/29, 37, 20, , 20, , 
2019/9/30, 41, 16, , 21, , 
2019/4/1, 89, 29, , 30, , 
2019/4/2, 60, 13, , 23, , 
2019/4/3, 25, 25, , 41, , 
2019/4/4, 47, 26, , 41, , 
2019/4/5, 48, 30, , 35, , 
2019/4/6, 66, 12, , 19, , 
2019/4/7, 26, 33, , 37, , 
2019/4/8, 55, 30, , 33, , 
2019/4/9, 65, 43, , 25, , 
2019/4/10, 99, 34, , 29, , 
2019/4/11, 74, 38, , 30, , 
2019/4/12, 82, 30, , 33, , 
2019/4/13, 70, 33, , 31, , 
2019/4/14, 76, 41, , 38, , 
2019/4/15, 80, 30, , 31, , 
2019/4/16, 66, 31, , 36, , 
2019/4/17, 58, 29, , 41, , 
2019/4/18, 52, 35, , 51, , 
2019/4/19, 62, 29, , 46, , 
2019/4/20, 52, 32, , 44, , 
2019/4/21, 63, 39, , 45, , 
2019/4/22, 69, 43, , 50, , 
2019/4/23, 64, 35, , 34, , 
2019/4/24, 59, 24, , 36, , 
2019/4/25, 41, 24, , 32, , 
2019/4/26, 47, 22, , 8, , 
2019/4/27, 23, 13, , 7, , 
2019/4/28, 29, 27, , 31, , 
2019/4/29, 53, 39, , 28, , 
2019/4/30, 94, 39, , 21, , 
2019/5/1, 98, 31, , 14, , 
2019/5/2, 71, 21, , 19, , 
2019/5/3, 44, 15, , 17, , 
2019/5/4, 39, 16, , 15, , 
2019/5/5, 38, 29, , 32, , 
2019/5/6, 53, 31, , 44, , 
2019/5/7, 60, 19, , 29, , 
2019/5/8, 41, 14, , 18, , 
2019/5/9, 28, 21, , 29, , 
2019/5/10, 43, 15, , 16, , 
2019/5/11, 38, 21, , 22, , 
2019/5/12, 44, 23, , 30, , 
2019/5/13, 43, 26, , 33, , 
2019/5/14, 42, 27, , 36, , 
2019/5/15, 50, 30, , 38, , 
2019/5/16, 48, 36, , 39, , 
2019/5/17, 66, 24, , 38, , 
2019/5/18, 54, 23, , 20, , 
2019/5/19, 76, 17, , 12, , 
2019/5/20, 49, 21, , 16, , 
2019/5/21, 56, 33, , 40, , 
2019/5/22, 64, 34, , 52, , 
2019/5/23, 64, 22, , 20, , 
2019/5/24, 52, 22, , 19, , 
2019/5/25, 54, 15, , 12, , 
2019/5/26, 39, 13, , 6, , 
2019/5/27, 25, 14, , 9, , 
2019/5/28, 34, 14, , 14, , 
2019/5/29, 36, 10, , 9, , 
2019/5/30, 23, 22, , 28, , 
2019/5/31, 47, 25, , 35, , 
2019/6/1, 60, 26, , 31, , 
2019/6/2, 52, 16, , 12, , 
2019/6/3, 34, 25, , 31, , 
2019/6/4, 52, 15, , 20, , 
2019/6/5, 32, 22, , 31, , 
2019/6/6, 40, 23, , 28, , 
2019/6/7, 35, 20, , 16, , 
2019/6/8, 35, 23, , 32, , 
2019/6/9, 50, 12, , 12, , 
2019/6/10, 26, 20, , 34, , 
2019/6/11, 46, , , 36, , 
2019/6/13, 49, 24, , 37, , 
2019/6/14, 54, 18, , 23, , 
2019/6/15, 45, 17, , 20, , 
2019/6/16, 43, 27, , 37, , 
2019/6/17, 58, 28, , 38, , 
2019/6/18, 57, 24, , 27, , 
2019/6/19, 48, 12, , 10, , 
2019/6/20, 35, 18, , 25, , 
2019/6/21, 43, 23, , 29, , 
2019/6/22, 48, 27, , 34, , 
2019/6/23, 61, 32, , 38, , 
2019/6/24, 62, 30, , 37, , 
2019/6/25, 62, 41, , 35, , 
2019/6/26, 80, 36, , 32, , 
2019/6/27, 67, 32, , 45, , 
2019/6/28, 55, 28, , 51, , 
2019/6/29, 62, 27, , 18, , 
2019/6/30, 59, 17, , 10, , 
2019/1/1, 38, 19, , 24, , 
2019/1/2, 41, 24, , 33, , 
2019/1/3, 54, 26, , 29, , 
2019/1/4, 65, 19, , 15, , 
2019/1/5, 59, 23, , 19, , 
2019/1/6, 68, 26, , 26, , 
2019/1/7, 64, 14, , 13, , 
2019/1/8, 35, 14, , 17, , 
2019/1/9, 30, 23, , 28, , 
2019/1/10, 42, 17, , 25, , 
2019/1/11, 51, 13, , 15, , 
2019/1/12, 38, 10, , 6, , 
2019/1/13, 25, 13, , 11, , 
2019/1/14, 33, 19, , 23, , 
2019/1/15, 42, 33, , 36, , 
2019/1/16, 60, 11, , 18, , 
2019/1/17, 29, 44, , 47, , 
2019/1/18, 81, 29, , 35, , 
2019/1/19, 73, 28, , 27, , 
2019/1/20, 82, 53, , 38, , 
2019/1/21, 123, 40, , 35, , 
2019/1/22, 103, 16, , 23, , 
2019/1/23, 56, 44, , 36, , 
2019/1/24, 114, 38, , 38, , 
2019/1/25, 94, 10, , 20, , 
2019/1/26, 29, 8, , 12, , 
2019/1/27, 23, 13, , 13, , 
2019/1/28, 31, 28, , 40, , 
2019/1/29, 57, 10, , 21, , 
2019/1/30, 34, 17, , 36, , 
2019/1/31, 53, 30, , 51, , 
2019/2/1, 67, 15, , 16, , 
2019/2/2, 49, 18, , 16, , 
2019/2/3, 47, 38, , 40, , 
2019/2/4, 76, 34, , 36, , 
2019/2/5, 64, 35, , 35, , 
2019/2/6, 65, 17, , 22, , 
2019/2/7, 36, 20, , 27, , 
2019/2/8, 38, 21, , 17, , 
2019/2/9, 37, 8, , 11, , 
2019/2/10, 22, 14, , 21, , 
2019/2/11, 34, 44, , 49, , 
2019/2/12, 88, 51, , 33, , 
2019/2/13, 94, 52, , 34, , 
2019/2/14, 90, 59, , 53, , 
2019/2/15, 102, 64, , 55, , 
2019/2/16, 131, 51, , 47, , 
2019/2/17, 110, 49, , 43, , 
2019/2/18, 86, 27, , 24, , 
2019/2/19, 48, 57, , 46, , 
2019/2/20, 111, 64, , 51, , 
2019/2/21, 122, 70, , 57, , 
2019/2/22, 134, 39, , 35, , 
2019/2/23, 79, 33, , 36, , 
2019/2/24, 71, 44, , 43, , 
2019/2/25, 70, 51, , 46, , 
2019/2/26, 81, 62, , 49, , 
2019/2/27, 115, 39, , 27, , 
2019/2/28, 76, 12, , 11, , 
2019/3/1, 37, 22, , 23, , 
2019/3/2, 43, 19, , 15, , 
2019/3/3, 34, 10, , 13, , 
2019/3/4, 24, 18, , 29, , 
2019/3/5, 35, 27, , 42, , 
2019/3/6, 54, 12, , 17, , 
2019/3/7, 28, 18, , 19, , 
2019/3/8, 32, 12, , 15, , 
2019/3/9, 29, 15, , 8, , 
2019/3/10, 28, 14, , 10, , 
2019/3/11, 25, 24, , 30, , 
2019/3/12, 46, 13, , 10, , 
2019/3/13, 22, , , 12, , 
2019/3/15, 22, 12, , 14, , 
2019/3/16, 29, 8, , 10, , 
2019/3/17, 23, 13, , 15, , 
2019/3/18, 24, 33, , 39, , 
2019/3/19, 60, 47, , 49, , 
2019/3/20, 84, 43, , 45, , 
2019/3/21, 78, 46, , 40, , 
2019/3/22, 90, 45, , 33, , 
2019/3/23, 103, 40, , 21, , 
2019/3/24, 94, 25, , 19, , 
2019/3/25, 45, 27, , 26, , 
2019/3/26, 45, 38, , 30, , 
2019/3/27, 68, 47, , 32, , 
2019/3/28, 96, 41, , 39, , 
2019/3/29, 80, 40, , 45, , 
2019/3/30, 79, 48, , 50, , 
2019/3/31, 93, 45, , 37, , 
2018/10/1, 31, 16, , 19, , 
2018/10/2, 33, 14, , 15, , 
2018/10/3, 29, 32, , 39, , 
2018/10/4, 58, 41, , 47, , 
2018/10/5, 75, 34, , 38, , 
2018/10/6, 67, 20, , 24, , 
2018/10/7, 56, 26, , 28, , 
2018/10/8, 55, 35, , 45, , 
2018/10/9, 72, 39, , 40, , 
2018/10/10, 71, 26, , 38, , 
2018/10/11, 44, 27, , 34, , 
2018/10/12, 54, 32, , 40, , 
2018/10/13, 64, 27, , 38, , 
2018/10/14, 59, 34, , 46, , 
2018/10/15, 67, 35, , 42, , 
2018/10/16, 68, 28, , 32, , 
2018/10/17, 56, 33, , 28, , 
2018/10/18, 68, 36, , 25, , 
2018/10/19, 83, 35, , 28, , 
2018/10/20, 86, 42, , 30, , 
2018/10/21, 99, 28, , 27, , 
2018/10/22, 67, 24, , 21, , 
2018/10/23, 41, 22, , 15, , 
2018/10/24, 40, 25, , 15, , 
2018/10/25, 52, 22, , 19, , 
2018/10/26, 50, 13, , 21, , 
2018/10/27, 38, 25, , 20, , 
2018/10/28, 65, 21, , 20, , 
2018/10/29, 62, 15, , 20, , 
2018/10/30, 44, 29, , 34, , 
2018/10/31, 69, 16, , 32, , 
2018/11/1, 46, 23, , 34, , 
2018/11/2, 62, 37, , 41, , 
2018/11/3, 90, 39, , 31, , 
2018/11/4, 104, 30, , 27, , 
2018/11/5, 72, 20, , 35, , 
2018/11/6, 47, 16, , 31, , 
2018/11/7, 45, 25, , 33, , 
2018/11/8, 53, 32, , 38, , 
2018/11/9, 66, 12, , 27, , 
2018/11/10, 40, 14, , 27, , 
2018/11/11, 41, 17, , 36, , 
2018/11/12, 49, 24, , 29, , 
2018/11/13, 51, 36, , 35, , 
2018/11/14, 73, 29, , 27, , 
2018/11/15, 70, 25, , 25, , 
2018/11/16, 62, 31, , 22, , 
2018/11/17, 85, 26, , 29, , 
2018/11/18, 71, 25, , 30, , 
2018/11/19, 64, 29, , 30, , 
2018/11/20, 82, 47, , 36, , 
2018/11/21, 116, 37, , 29, , 
2018/11/22, 97, 42, , 34, , 
2018/11/23, 104, 25, , 31, , 
2018/11/24, 70, 22, , 30, , 
2018/11/25, 68, 24, , 17, , 
2018/11/26, 78, 31, , 27, , 
2018/11/27, 79, 20, , 35, , 
2018/11/28, 53, 22, , 31, , 
2018/11/29, 51, 27, , 29, , 
2018/11/30, 52, 21, , 31, , 
2018/12/1, 53, 7, , 17, , 
2018/12/2, 21, 9, , 18, , 
2018/12/3, 20, 22, , 26, , 
2018/12/4, 45, 32, , 33, , 
2018/12/5, 63, 14, , 26, , 
2018/12/6, 37, 12, , 18, , 
2018/12/7, 26, 13, , 12, , 
2018/12/8, 29, 13, , 7, , 
2018/12/9, 30, 11, , 14, , 
2018/12/10, 29, 42, , 40, , 
2018/12/11, 84, 37, , 36, , 
2018/12/12, 79, 31, , 28, , 
2018/12/13, 70, 38, , 33, , 
2018/12/14, 81, 38, , 31, , 
2018/12/15, 85, 20, , 37, , 
2018/12/16, 62, 26, , 37, , 
2018/12/17, 58, 30, , 35, , 
2018/12/18, 57, 17, , 32, , 
2018/12/19, 44, 19, , 26, , 
2018/12/20, 41, 8, , 20, , 
2018/12/21, 21, 14, , 14, , 
2018/12/22, 35, 14, , 19, , 
2018/12/23, 31, 21, , 30, , 
2018/12/24, 54, 29, , 35, , 
2018/12/25, 76, 42, , 32, , 
2018/12/26, 99, 44, , 26, , 
2018/12/27, 108, 39, , 27, , 
2018/12/28, 99, 45, , 34, , 
2018/12/29, 108, 27, , 28, , 
2018/12/30, 78, , , , , 
2018/7/1, 63, 26, , 55, , 1
2018/7/2, 57, 15, , 27, , 1
2018/7/3, 35, 18, , 19, , 1
2018/7/4, 33, 23, , 33, , 1
2018/7/5, 52, 22, , 32, , 1
2018/7/6, 53, 26, , 43, , 1
2018/7/7, 63, 28, , 45, , 
2018/7/8, 65, 20, , 33, , 
2018/7/9, 46, 16, , 22, , 1
2018/7/10, 36, 19, , 22, , 1
2018/7/11, 47, 26, , 35, , 1
2018/7/12, 58, 26, , 38, , 1
2018/7/13, 58, 28, , 36, , 
2018/7/14, 68, 25, , 37, , 1
2018/7/15, 61, 25, , 26, , 1
2018/7/16, 52, 14, , 12, , 1
2018/7/17, 31, 25, , 38, , 1
2018/7/18, 41, 35, , 51, , 
2018/7/19, 56, 26, , 40, , 
2018/7/20, 39, 23, , 14, , 
2018/7/21, 50, 23, , 19, , 
2018/7/22, 55, 33, , 47, , 1
2018/7/23, 60, 38, , 51, , 1
2018/7/24, 64, 36, , 31, , 1
2018/7/25, 57, 44, , 66, , 1
2018/7/26, 76, 47, , 69, , 4
2018/7/27, 84, 18, , 17, , 
2018/7/28, 35, 19, , 17, , 
2018/7/29, 32, 20, , 21, , 1
2018/7/30, 36, 12, , 11, , 1
2018/7/31, 22, 23, , 30, , 1
2018/8/1, 39, 27, , 35, , 1
2018/8/2, 46, 34, , 40, , 1
2018/8/3, 59, 20, , 19, , 1
2018/8/4, 37, 18, , 22, , 1
2018/8/5, 43, 22, , 33, , 1
2018/8/6, 41, 36, , 49, , 1
2018/8/7, 57, 19, , 15, , 1
2018/8/8, 35, 15, , 20, , 1
2018/8/9, 33, 17, , 19, , 1
2018/8/10, 29, 11, , 13, , 1
2018/8/11, 24, 16, , 29, , 1
2018/8/12, 37, 12, , 13, , 1
2018/8/13, 28, 11, , 8, , 1
2018/8/14, 25, 13, , 17, , 1
2018/8/15, 31, 26, , 34, , 1
2018/8/16, 54, 14, , 10, , 1
2018/8/17, 30, 15, , 12, , 
2018/8/18, 31, 19, , 16, , 1
2018/8/19, 46, 10, , 8, , 
2018/8/20, 21, 20, , 25, , 
2018/8/21, 43, 22, , 23, , 1
2018/8/22, 44, 17, , 11, , 1
2018/8/23, 35, 14, , 6, , 1
2018/8/24, 31, 7, , 5, , 1
2018/8/25, 19, 18, , 25, , 1
2018/8/26, 38, 16, , 12, , 1
2018/8/27, 33, 30, , 41, , 
2018/8/28, 62, 21, , 23, , 
2018/8/29, 48, 25, , 26, , 
2018/8/30, 50, 26, , 37, , 
2018/8/31, 57, 25, 39, 38, , 
2018/9/1, 55, 21, 42, 31, , 
2018/9/2, 50, 26, 40, 39, , 
2018/9/3, 56, 22, 29, 19, , 
2018/9/4, 54, 29, 40, 22, , 
2018/9/5, 70, 20, 31, 13, , 
2018/9/6, 53, 13, 27, 13, , 
2018/9/7, 30, 23, , 31, , 
2018/9/8, 49, 23, , 37, , 
2018/9/9, 49, 17, , 15, , 
2018/9/10, 31, 31, , 36, , 
2018/9/11, 53, 35, , 30, , 
2018/9/12, 55, 24, , 20, , 
2018/9/13, 60, 16, , 14, , 
2018/9/14, 36, 22, , 29, , 
2018/9/15, 48, 28, , 39, , 
2018/9/16, 58, 40, , 58, , 
2018/9/17, 68, 32, , 38, , 
2018/9/18, 56, 27, , 22, , 
2018/9/19, 48, 32, , 37, , 
2018/9/20, 55, 16, , 14, , 
2018/9/21, 28, 21, , 26, , 
2018/9/22, 39, 7, , 9, , 
2018/9/23, 20, 17, , 25, , 
2018/9/24, 36, 24, , 32, , 
2018/9/25, 48, 30, , 41, , 
2018/9/26, 56, 43, , 50, , 
2018/9/27, 74, 38, , 39, , 
2018/9/28, 74, 25, , 29, , 
2018/9/29, 51, 21, , 20, , 
2018/9/30, 46, 15, , 12, , 
2018/4/1, 39, 24, , 37, , 
2018/4/2, 55, 26, , 41, , 
2018/4/3, 49, 19, , 35, , 
2018/4/4, 38, 16, , 20, , 
2018/4/5, 34, 29, , 41, , 
2018/4/6, 52, 28, , 35, , 
2018/4/7, 52, 33, , 30, , 
2018/4/8, 57, 26, , 28, , 
2018/4/9, 55, 24, , 39, , 
2018/4/10, 55, 31, , 46, , 
2018/4/11, 52, 40, , 36, , 
2018/4/12, 76, 29, , 38, , 
2018/4/13, 61, 32, , 42, , 
2018/4/14, 61, 25, , 34, , 
2018/4/15, 54, 26, , 23, , 
2018/4/16, 43, 43, , 47, , 
2018/4/17, 65, 42, , 52, , 
2018/4/18, 63, 46, , 56, , 
2018/4/19, 69, 45, , 47, , 
2018/4/20, 72, 39, , 50, , 
2018/4/21, 69, 40, , 35, , 
2018/4/22, 68, 22, , 11, , 
2018/4/23, 38, 24, , 22, , 
2018/4/24, 44, 20, , 10, , 
2018/4/25, 34, 16, , 12, , 
2018/4/26, 25, 39, , 39, , 
2018/4/27, 52, 24, , 28, , 
2018/4/28, 40, 20, , 29, , 
2018/4/29, 48, 9, , 16, , 
2018/4/30, 24, 19, , 26, , 
2018/5/1, 43, 30, , 34, , 
2018/5/2, 52, 24, , 26, , 
2018/5/3, 42, 29, , 31, , 
2018/5/4, 54, 41, , 33, , 
2018/5/5, 80, 37, , 38, , 
2018/5/6, 68, 39, , 49, , 
2018/5/7, 59, 33, , 37, , 
2018/5/8, 60, 26, , 9, , 
2018/5/9, 45, 19, , 8, , 
2018/5/10, 34, 33, , 41, , 
2018/5/11, 52, 25, , 29, , 
2018/5/12, 51, 12, , 11, , 
2018/5/13, 30, 22, , 17, , 
2018/5/14, 43, 35, , 20, , 
2018/5/15, 77, 38, , 20, , 
2018/5/16, 77, 37, , 25, , 
2018/5/17, 58, 34, , 28, , 
2018/5/18, 58, 34, , 26, , 
2018/5/19, 59, 35, , 25, , 
2018/5/20, 74, 26, , 32, , 
2018/5/21, 56, 32, , 33, , 
2018/5/22, 66, 44, , 25, , 
2018/5/23, 88, 35, , 30, , 
2018/5/24, 69, 30, , 42, , 
2018/5/25, 59, 27, , 37, , 
2018/5/26, 62, 27, , 33, , 2
2018/5/27, 57, 34, , 44, , 3
2018/5/28, 59, 28, , 36, , 2
2018/5/29, 54, 28, , 40, , 3
2018/5/30, 56, 27, , 35, , 3
2018/5/31, 50, 16, , 21, , 3
2018/6/1, 36, 21, , 26, , 2
2018/6/2, 47, 24, , 30, , 2
2018/6/3, 49, 30, , 39, , 2
2018/6/4, 60, 40, , 24, , 3
2018/6/5, 91, 36, , 30, , 2
2018/6/6, 76, 22, , 27, , 3
2018/6/7, 41, 32, , 33, , 2
2018/6/8, 59, 41, , 28, , 2
2018/6/9, 90, 45, , 28, , 2
2018/6/10, 101, 40, , 36, , 3
2018/6/11, 80, 25, , 32, , 2
2018/6/12, 55, 19, , 22, , 1
2018/6/13, 36, 28, , 32, , 2
2018/6/14, 52, 18, , 18, , 
2018/6/15, 41, 14, , 13, , 
2018/6/16, 34, 11, , 8, , 
2018/6/17, 29, 10, , 12, , 
2018/6/18, 27, 14, , 15, , 
2018/6/19, 36, 19, , 27, , 
2018/6/20, 46, 15, , 15, , 1
2018/6/21, 38, 15, , 25, , 1
2018/6/22, 33, 21, , 30, , 1
2018/6/23, 49, 18, , 26, , 1
2018/6/24, 46, 19, , 29, , 1
2018/6/25, 43, 23, , 42, , 1
2018/6/26, 53, 28, , 42, , 1
2018/6/27, 59, 26, , 41, , 2
2018/6/28, 57, 27, , 46, , 2
2018/6/29, 58, 27, , 46, , 
2018/6/30, 61, 26, , 48, , 2
2018/1/1, 28, 19, , 24, , 
2018/1/2, 46, 15, , 9, , 
2018/1/3, 32, 16, , 21, , 
2018/1/4, 38, 18, , 32, , 
2018/1/5, 41, 29, , 41, , 
2018/1/6, 68, 24, , 23, , 
2018/1/7, 68, 26, , 24, , 
2018/1/8, 65, 37, , 28, , 
2018/1/9, 81, 25, , 35, , 
2018/1/10, 57, 30, , 33, , 
2018/1/11, 69, 38, , 29, , 
2018/1/12, 90, 40, , 30, , 
2018/1/13, 99, 43, , 32, , 
2018/1/14, 98, 17, , 23, , 
2018/1/15, 43, 9, , 11, , 
2018/1/16, 23, 12, , 11, , 
2018/1/17, 32, 15, , 14, , 
2018/1/18, 24, 11, , 20, , 
2018/1/19, 33, 11, , 26, , 
2018/1/20, 34, 16, , 29, , 
2018/1/21, 52, 10, , 16, , 
2018/1/22, 27, 20, , 31, , 
2018/1/23, 46, 12, , 20, , 
2018/1/24, 25, 16, , 34, , 
2018/1/25, 41, 28, , 36, , 
2018/1/26, 57, 31, , 34, , 
2018/1/27, 73, 16, , 23, , 
2018/1/28, 50, 10, , 17, , 
2018/1/29, 21, 16, , 23, , 
2018/1/30, 36, 10, , 20, , 
2018/1/31, 22, 13, , 22, , 
2018/2/1, 29, 14, , 17, , 
2018/2/2, 33, 24, , 34, , 
2018/2/3, 59, 20, , 30, , 
2018/2/4, 57, 28, , 30, , 
2018/2/5, 74, 30, , 27, , 
2018/2/6, 82, 38, , 28, , 
2018/2/7, 99, 47, , 50, , 
2018/2/8, 117, 45, , 40, , 
2018/2/9, 113, 23, , 33, , 
2018/2/10, 56, 14, , 17, , 
2018/2/11, 32, 10, , 26, , 
2018/2/12, 25, , , 43, , 
2018/2/15, 44, 38, , 44, , 2
2018/2/16, 64, 38, , 38, , 2
2018/2/17, 71, 43, , 38, , 5
2018/2/18, 97, 36, , 42, , 5
2018/2/19, 81, 26, , 32, , 3
2018/2/20, 67, 58, , 31, , 
2018/2/21, 140, 52, , 29, , 
2018/2/22, 116, 42, , 48, , 
2018/2/23, 76, 39, , 39, , 
2018/2/24, 83, 27, , 33, , 
2018/2/25, 64, 33, , 37, , 
2018/2/26, 61, 38, , 46, , 
2018/2/27, 79, 65, , 41, , 
2018/2/28, 91, 42, , 36, , 
2018/3/1, 94, 40, , 53, , 
2018/3/2, 89, 34, , 64, , 
2018/3/3, 70, 22, , 53, , 
2018/3/4, 59, 33, , 63, , 
2018/3/5, 60, 29, , 54, , 
2018/3/6, 52, 13, , 35, , 
2018/3/7, 36, 17, , 40, , 
2018/3/8, 44, 34, , 66, , 
2018/3/9, 77, 28, , 53, , 
2018/3/10, 61, 19, , 42, , 
2018/3/11, 43, 15, , 27, , 
2018/3/12, 30, 19, , 22, , 
2018/3/13, 40, 34, , 49, , 
2018/3/14, 61, 24, , 54, , 
2018/3/15, 50, 31, , 45, , 
2018/3/16, 53, 31, , 44, , 
2018/3/17, 77, 31, , 35, , 
2018/3/18, 85, 41, , 46, , 
2018/3/19, 97, 34, , 38, , 
2018/3/20, 67, 28, , 30, , 
2018/3/21, 54, 23, , 20, , 
2018/3/22, 51, 31, , 39, , 
2018/3/23, 57, 38, , 41, , 
2018/3/24, 69, 46, , 42, , 
2018/3/25, 102, 34, , 27, , 
2018/3/26, 73, 25, , 34, , 
2018/3/27, 56, 11, , 20, , 
2018/3/28, 24, 22, , 35, , 
2018/3/29, 39, 20, , 40, , 
2018/3/30, 44, 21, , 31, , 
2018/3/31, 41, 16, , 16, , 
2017/10/18, 73, 39, , 41, , 
2017/10/19, 66, 21, , 25, , 
2017/10/20, 36, 26, , 30, , 
2017/10/21, 46, 16, , 14, , 
2017/10/22, 33, 15, , 21, , 
2017/10/23, 31, 21, , 34, , 
2017/10/24, 45, 23, , 29, , 
2017/10/25, 49, 39, , 35, , 
2017/10/26, 79, 28, , 24, , 
2017/10/27, 67, 21, , 24, , 
2017/10/28, 44, 11, , 12, , 
2017/10/29, 28, 25, , 31, , 
2017/10/30, 49, 40, , 44, , 
2017/10/31, 76, 44, , 42, , 
2017/11/1, 87, 37, , 31, , 
2017/11/2, 77, 48, , 42, , 
2017/11/3, 95, 27, , 33, , 
2017/11/4, 64, 8, , 9, , 
2017/11/5, 23, 21, , 25, , 
2017/11/6, 46, 40, , 46, , 
2017/11/7, 77, 56, , 46, , 
2017/11/8, 114, 38, , 31, , 
2017/11/9, 81, 15, , 23, , 
2017/11/10, 38, 12, , 15, , 
2017/11/11, 28, 6, , 13, , 
2017/11/12, 24, 15, , 14, , 
2017/11/13, 30, 29, , 33, , 
2017/11/14, 57, 45, , 34, , 
2017/11/15, 90, 43, , 42, , 
2017/11/16, 87, 53, , 40, , 
2017/11/17, 112, 35, , 34, , 
2017/11/18, 72, 16, , 18, , 
2017/11/19, 41, 39, , 37, , 
2017/11/20, 89, 25, , 28, , 
2017/11/21, 59, 32, , 33, , 
2017/11/22, 70, 26, , 28, , 
2017/11/23, 51, 17, , 27, , 
2017/11/24, 44, 9, , 12, , 
2017/11/25, 27, 9, , 11, , 
2017/11/26, 26, 15, , 22, , 
2017/11/27, 35, 8, , 20, , 
2017/11/28, 25, 13, , 21, , 
2017/11/29, 41, 11, , 16, , 
2017/11/30, 31, 14, , 25, , 
2017/12/1, 48, 37, , 28, , 
2017/12/2, 101, 36, , 29, , 
2017/12/3, 102, 49, , 32, , 
2017/12/4, 126, 45, , 47, , 
2017/12/5, 92, 50, , 35, , 
2017/12/6, 96, 25, , 26, , 
2017/12/7, 60, 13, , 16, , 
2017/12/8, 28, 12, , 21, , 
2017/12/9, 36, 19, , 26, , 
2017/12/10, 46, 14, , 30, , 
2017/12/11, 38, 17, , 24, , 
2017/12/12, 40, 20, , 33, , 
2017/12/13, 51, 15, , 22, , 
2017/12/14, 30, 10, , 24, , 
2017/12/15, 33, 11, , 14, , 
2017/12/16, 33, 20, , 25, , 
2017/12/17, 57, 21, , 25, , 
2017/12/18, 46, 35, , 30, , 
2017/12/19, 65, 33, , 28, , 
2017/12/20, 74, 11, , 21, , 
2017/12/21, 37, 10, , 19, , 
2017/12/22, 34, 17, , 32, , 
2017/12/23, 51, 13, , 22, , 
2017/12/24, 39, 10, , 22, , 
2017/12/25, 29, 14, , 24, , 
2017/12/26, 39, 10, , 22, , 
2017/12/27, 26, 12, , 15, , 
2017/12/28, 31, 24, , 32, , 
2017/12/29, 63, 14, , 20, , 
2017/12/30, 30, 16, , 14, , 
2017/12/31, 41, 13, , 12, , 
2017/4/1, 42, 21, , 31, , 
2017/4/2, 51, 39, , 41, , 
2017/4/3, 75, 34, , 33, , 
2017/4/4, 68, 31, , 25, , 
2017/4/5, 69, 37, , 36, , 
2017/4/6, 60, 51, , 50, , 
2017/4/7, 89, 53, , 49, , 
2017/4/8, 113, 47, , 48, , 
2017/4/9, 88, 26, , 16, , 
2017/4/10, 56, 28, , 34, , 
2017/4/11, 53, 21, , 16, , 
2017/4/12, 34, 24, , 19, , 
2017/4/13, 49, 23, , 21, , 
2017/4/14, 52, 13, , 9, , 
2017/4/15, 36, 13, , 7, , 
2017/4/16, 29, 15, , 17, , 
2017/4/17, 35, 22, , 31, , 
2017/4/18, 43, 32, , 32, , 
2017/4/19, 64, 33, , 45, , 
2017/4/20, 68, 41, , 46, , 
2017/4/21, 76, 32, , 28, , 
2017/4/22, 63, 26, , 32, , 
2017/4/23, 50, 26, , 27, , 
2017/4/24, 46, 21, , 26, , 
2017/4/25, 38, 19, , 28, , 
2017/4/26, 43, 21, , 23, , 
2017/4/27, 44, 23, , 32, , 
2017/4/28, 59, 30, , 37, , 
2017/4/29, 67, 21, , 34, , 
2017/4/30, 43, 27, , 23, , 
2017/5/1, 45, 26, , 32, , 
2017/5/2, 49, 32, , 32, , 
2017/5/3, 82, 36, , 35, , 
2017/5/4, 86, 43, , 35, , 
2017/5/5, 100, 23, , 25, , 
2017/5/6, 65, 20, , 11, , 
2017/5/7, 59, 20, , 14, , 
2017/5/8, 46, 32, , 34, , 
2017/5/9, 61, 34, , 49, , 
2017/5/10, 60, 30, , 42, , 
2017/5/11, 54, 26, , 42, , 
2017/5/12, 54, 23, , 28, , 
2017/5/13, 47, 20, , 23, , 
2017/5/14, 38, 28, , 37, , 
2017/5/15, 47, 28, , 44, , 
2017/5/16, 51, 27, , 40, , 
2017/5/17, 51, 16, , 22, , 
2017/5/18, 30, 17, , 21, , 
2017/5/19, 31, 23, , 33, , 
2017/5/20, 43, 22, , 33, , 
2017/5/21, 48, 25, , 43, , 
2017/5/22, 53, 14, , 10, , 
2017/5/23, 30, 22, , 32, , 
2017/5/24, 44, 22, , 29, , 
2017/5/25, 47, 23, , 37, , 
2017/5/26, 51, 23, , 32, , 
2017/5/27, 53, 28, , 37, , 
2017/5/28, 81, 26, , 25, , 
2017/5/29, 48, 13, , 13, , 
2017/5/30, 28, 23, , 35, , 
2017/5/31, 46, 30, , 47, , 
2017/6/1, 58, 32, , 47, , 
2017/6/2, 58, 15, , 11, , 
2017/6/3, 33, 17, , 13, , 
2017/6/4, 29, 23, , 29, , 
2017/6/5, 40, 20, , 13, , 
2017/6/6, 30, 22, , 22, , 
2017/6/7, 37, 30, , 43, , 
2017/6/8, 53, 20, , 22, , 
2017/6/9, 36, 29, , 39, , 
2017/6/10, 58, 23, , 22, , 
2017/6/11, 44, 17, , 10, , 
2017/6/12, 34, 30, , 40, , 
2017/6/13, 54, 30, , 45, , 
2017/6/14, 59, , , , , 
2017/1/2, 76, 30, , 39, , 
2017/1/3, 75, 20, , 24, , 
2017/1/4, 47, 30, , 33, , 
2017/1/5, 55, 52, , 45, , 
2017/1/6, 89, 48, , 40, , 
2017/1/7, 103, 32, , 35, , 
2017/1/8, 93, 26, , 33, , 
2017/1/9, 66, 15, , 24, , 
2017/1/10, 37, 21, , 24, , 
2017/1/11, 47, 28, , 28, , 
2017/1/12, 50, , , , , 
2017/1/16, 97, 40, , 34, , 
2017/1/17, 93, 40, , 35, , 
2017/1/18, 78, 52, , 44, , 
2017/1/19, 106, 54, , 47, , 
2017/1/20, 110, 70, , 50, , 
2017/1/21, 158, 66, , 44, , 
2017/1/22, 156, 66, , 38, , 
2017/1/23, 161, 49, , 41, , 
2017/1/24, 127, 46, , 32, , 
2017/1/25, 102, 60, , 39, , 
2017/1/26, 146, 61, , 52, , 
2017/1/27, 103, 41, , 43, , 
2017/1/28, 69, 23, , 40, , 
2017/1/29, 63, 20, , 35, , 
2017/1/30, 57, 36, , 44, , 
2017/1/31, 83, 30, , 36, , 
2017/2/1, 72, 34, , 40, , 
2017/2/2, 63, 23, , 34, , 
2017/2/3, 43, 17, , 38, , 
2017/2/4, 46, 15, , 30, , 
2017/2/5, 45, 21, , 28, , 
2017/2/6, 44, 22, , 32, , 
2017/2/7, 67, 24, , 23, , 
2017/2/8, 73, 43, , 32, , 
2017/2/9, 101, 45, , 34, , 
2017/2/10, 111, 58, , 27, , 
2017/2/11, 147, 44, , 34, , 
2017/2/12, 113, 47, , 30, , 
2017/2/13, 96, 55, , 42, , 
2017/2/14, 107, 49, , 48, , 
2017/2/15, 79, 44, , 51, , 
2017/2/16, 103, 48, , 48, , 
2017/2/17, 109, 46, , 44, , 
2017/2/18, 102, 30, , 30, , 
2017/2/19, 96, 16, , 25, , 
2017/2/20, 51, 6, , 13, , 
2017/2/21, 21, 11, , 17, , 
2017/2/22, 30, 11, , 15, , 
2017/2/23, 26, 15, , 23, , 
2017/2/24, 35, 28, , 44, , 
2017/2/25, 72, 18, , 26, , 
2017/2/26, 49, 10, , 21, , 
2017/2/27, 26, 8, , 23, , 
2017/2/28, 28, 10, , 24, , 
2017/3/1, 24, , , 28, , 
2017/3/3, 61, 13, , 33, , 
2017/3/4, 42, 12, , 18, , 
2017/3/5, 31, 19, , 28, , 
2017/3/6, 41, 21, , 24, , 
2017/3/7, 43, 14, , 27, , 
2017/3/8, 37, 11, , 18, , 
2017/3/9, 27, 44, , 43, , 
2017/3/10, 92, 40, , 49, , 
2017/3/11, 80, 37, , 27, , 
2017/3/12, 89, 37, , 22, , 
2017/3/13, 90, 27, , 20, , 
2017/3/14, 56, 36, , 41, , 
2017/3/15, 73, 54, , 53, , 
2017/3/16, 97, 19, , 11, , 
2017/3/17, 52, 12, , 9, , 
2017/3/18, 23, 15, , 10, , 
2017/3/19, 33, 17, , 23, , 
2017/3/20, 32, 19, , 23, , 
2017/3/21, 40, 25, , 39, , 
2017/3/22, 50, 26, , 40, , 
2017/3/23, 59, 36, , 37, , 
2017/3/24, 89, 33, , 31, , 
2017/3/25, 77, 31, , 39, , 
2017/3/26, 72, 44, , 53, , 
2017/3/27, 92, 34, , 38, , 
2017/3/28, 67, 34, , 48, , 
2017/3/29, 60, 36, , 55, , 
2017/3/30, 59, 29, , 40, , 
2017/3/31, 55, 22, , 30, , 
2016/10/1, 41, 13, , 14, , 
2016/10/2, 28, 33, , 42, , 
2016/10/3, 60, 32, , 37, , 
2016/10/4, 57, 25, , 29, , 
2016/10/5, 43, 21, , 28, , 
2016/10/6, 37, 28, , 30, , 
2016/10/7, 62, 31, , 25, , 
2016/10/8, 71, 32, , 36, , 
2016/10/9, 70, 35, , 38, , 
2016/10/10, 73, 34, , 37, , 
2016/10/11, 75, 27, , 35, , 
2016/10/12, 64, 2, , 29, , 
2016/10/13, 11, 33, , 31, , 
2016/10/14, 74, 32, , 34, , 
2016/10/15, 72, 30, , 42, , 
2016/10/16, 65, 16, , 28, , 
2016/10/17, 36, 26, , 31, , 
2016/10/18, 46, 14, , 18, , 
2016/10/19, 23, 14, , 17, , 
2016/10/20, 34, 17, , 22, , 
2016/10/21, 36, 30, , 40, , 
2016/10/22, 68, 27, , 32, , 
2016/10/23, 69, 33, , 37, , 
2016/10/24, 84, 43, , 40, , 
2016/10/25, 92, 34, , 30, , 
2016/10/26, 78, 50, , 40, , 
2016/10/27, 114, 46, , 44, , 
2016/10/28, 102, 32, , 41, , 
2016/10/29, 71, 36, , 34, , 
2016/10/30, 80, 32, , 39, , 
2016/10/31, 66, 34, , 34, , 
2016/11/1, 78, 27, , 28, , 
2016/11/2, 63, 38, , 47, , 
2016/11/3, 74, 40, , 42, , 
2016/11/4, 88, 21, , 23, , 
2016/11/5, 56, 14, , 14, , 
2016/11/6, 44, 17, , 30, , 
2016/11/7, 50, 16, , 24, , 
2016/11/8, 46, 18, , 26, , 
2016/11/9, 43, 10, , 24, , 
2016/11/10, 31, 15, , 19, , 
2016/11/11, 41, 45, , 37, , 
2016/11/12, 113, 19, , , , 
2016/11/13, 64, 32, , 56, , 
2016/11/14, 76, 28, , 38, , 
2016/11/15, 73, 14, , 26, , 
2016/11/16, 38, 13, , 23, , 
2016/11/17, 30, 14, , 23, , 
2016/11/18, 29, 19, , 31, , 
2016/11/19, 40, 16, , 27, , 
2016/11/20, 41, 20, , 41, , 
2016/11/21, 53, 29, , 42, , 
2016/11/22, 57, 33, , 45, , 
2016/11/23, 75, 36, , 37, , 
2016/11/24, 75, 39, , 31, , 
2016/11/25, 85, 42, , 33, , 
2016/11/26, 96, 39, , 31, , 
2016/11/27, 96, 24, , 31, , 
2016/11/28, 53, 28, , 38, , 
2016/11/29, 59, 52, , 56, , 
2016/11/30, 109, 84, , 74, , 
2016/12/1, 165, 94, , 85, , 
2016/12/2, 176, 40, , 35, , 
2016/12/3, 86, 36, , 35, , 
2016/12/4, 82, 58, , 47, , 
2016/12/5, 125, 71, , 53, , 
2016/12/6, 154, 68, , 49, , 
2016/12/7, 148, 61, , 50, , 
2016/12/8, 137, 56, , 52, , 
2016/12/9, 118, 52, , 44, , 
2016/12/10, 114, 24, , 25, , 
2016/12/11, 60, 33, , 43, , 
2016/12/12, 67, 37, , 44, , 
2016/12/13, 82, 47, , 45, , 
2016/12/14, 96, 56, , 42, , 
2016/12/15, 120, 52, , 46, , 
2016/12/16, 99, 48, , 38, , 
2016/12/17, 102, 26, , 29, , 
2016/12/18, 68, 32, , 32, , 
2016/12/19, 68, 34, , 30, , 
2016/12/20, 76, 37, , 35, , 
2016/12/21, 77, 18, , 30, , 
2016/12/22, 53, 30, , 40, , 
2016/12/23, 72, 22, , 25, , 
2016/12/24, 43, 23, , 22, , 
2016/12/25, 43, 12, , 22, , 
2016/12/26, 31, 42, , 49, , 
2016/12/27, 76, 44, , 45, , 
2016/12/28, 80, 45, , 37, , 
2016/12/29, 97, 50, , 40, , 
2016/12/30, 125, 35, , 30, , 
2016/12/31, 95, 26, , 25, , 
2017/1/1, 76, 29, , 38, , 
2016/7/1, 34, 11, , 6, , 
2016/7/2, 19, 15, , 18, , 
2016/7/3, 34, 17, , 17, , 
2016/7/4, 39, 14, , 15, , 
2016/7/5, 34, 20, , 21, , 
2016/7/6, 41, 32, , 48, , 
2016/7/7, 62, 35, , 40, , 
2016/7/8, 63, 14, , 14, , 
2016/7/9, 36, 29, , 32, , 
2016/7/10, 52, 17, , 15, , 
2016/7/11, 29, 20, , 22, , 
2016/7/12, 36, 13, , 11, , 
2016/7/13, 24, 14, , 11, , 
2016/7/14, 32, 16, , 15, , 
2016/7/15, 33, 16, , 19, , 
2016/7/16, 41, 14, , 20, , 
2016/7/17, 32, 25, , 38, , 
2016/7/18, 49, 32, , 50, , 
2016/7/19, 60, 42, , 57, , 
2016/7/20, 70, 25, , 17, , 
2016/7/21, 52, 22, , 17, , 
2016/7/22, 42, 19, , 15, , 
2016/7/23, 48, 14, , 13, , 
2016/7/24, 31, 20, , 18, , 
2016/7/25, 42, 16, , 10, , 
2016/7/26, 35, 18, , 16, , 
2016/7/27, 39, 11, , 8, , 
2016/7/28, 21, 15, , 19, , 
2016/7/29, 33, 10, , 9, , 
2016/7/30, 21, 13, , 12, , 
2016/7/31, 27, 15, , 13, , 
2016/8/1, 26, 15, , 20, , 
2016/8/2, 37, 18, , 23, , 
2016/8/3, 42, 12, , 12, , 
2016/8/4, 26, 15, , 7, , 
2016/8/5, 34, 14, , 10, , 
2016/8/6, 35, 17, , 20, , 
2016/8/7, 35, 15, , 5, , 
2016/8/8, 27, 21, , 8, , 
2016/8/9, 33, 38, , 9, , 
2016/8/10, 59, 21, , 20, , 
2016/8/11, 37, 20, , 9, , 
2016/8/12, 39, 22, , 19, , 
2016/8/13, 46, 15, , 14, , 
2016/8/14, 33, 23, , 21, , 
2016/8/15, 55, 28, , 26, , 
2016/8/16, 58, 30, , 24, , 
2016/8/17, 54, 29, , 42, , 
2016/8/18, 60, 25, , 28, , 
2016/8/19, 56, 20, , 18, , 
2016/8/20, 34, 16, , 7, , 
2016/8/21, 18, 22, , 24, , 
2016/8/22, 35, 124, , 41, , 
2016/8/23, 86, 42, , 50, , 
2016/8/24, 48, 104, , 62, , 
2016/8/25, 78, 69, , 54, , 
2016/8/26, 78, 47, , 43, , 
2016/8/27, 82, 30, , 23, , 
2016/8/28, 46, 17, , 11, , 
2016/8/29, 25, 32, , 36, , 
2016/8/30, 55, 36, , 32, , 
2016/8/31, 65, 19, , 19, , 
2016/9/1, 37, 33, , 35, , 
2016/9/2, 48, 23, , 24, , 
2016/9/3, 41, 16, , 14, , 
2016/9/4, 29, 21, , 25, , 
2016/9/5, 43, 24, , 28, , 
2016/9/6, 50, 27, , 45, , 
2016/9/7, 55, 29, , 31, , 
2016/9/8, 55, 33, , 46, , 
2016/9/9, 58, 31, , 39, , 
2016/9/10, 52, 20, , 25, , 
2016/9/11, 41, 34, , 53, , 
2016/9/12, 66, 38, , 58, , 
2016/9/13, 66, 33, , 42, , 
2016/9/14, 57, 24, , 37, , 
2016/9/15, 52, 25, , 27, , 
2016/9/16, 43, 12, , 8, , 
2016/9/17, 22, 19, , 15, , 
2016/9/18, 48, 24, , 16, , 
2016/9/19, 55, 32, , 35, , 
2016/9/20, 63, 38, , 44, , 
2016/9/21, 76, 41, , 54, , 
2016/9/22, 83, 36, , 48, , 
2016/9/23, 73, 36, , 52, , 
2016/9/24, 73, 26, , 33, , 
2016/9/25, 52, 37, , 40, , 
2016/9/26, 63, 35, , 44, , 
2016/9/27, 60, 28, , 37, , 
2016/9/28, 50, 19, , 22, , 
2016/9/29, 38, 26, , 28, , 
2016/9/30, 40, 18, , 25, , 
2016/4/1, 90, 42, , 42, , 
2016/4/2, 92, 37, , 40, , 
2016/4/3, 82, 23, , 40, , 
2016/4/4, 54, 19, , 24, , 
2016/4/5, 46, 18, , 16, , 
2016/4/6, 39, 15, , 15, , 
2016/4/7, 34, 20, , 19, , 
2016/4/8, 41, 32, , 40, , 
2016/4/9, 66, 23, , 30, , 
2016/4/10, 53, 27, , 43, , 
2016/4/11, 57, 30, , 47, , 
2016/4/12, 63, 28, , 41, , 
2016/4/13, 60, 30, , 45, , 
2016/4/14, 63, 20, , 29, , 
2016/4/15, 46, 14, , 18, , 
2016/4/16, 39, 18, , 19, , 
2016/4/17, 44, 17, , 19, , 
2016/4/18, 43, 30, , 39, , 
2016/4/19, 60, 36, , 31, , 
2016/4/20, 65, 35, , 38, , 
2016/4/21, 62, 48, , 33, , 
2016/4/22, 90, 31, , 24, , 
2016/4/23, 73, 14, , 17, , 
2016/4/24, 35, 17, , 19, , 
2016/4/25, 40, 12, , 17, , 
2016/4/26, 31, 17, , 22, , 
2016/4/27, 37, 19, , 27, , 
2016/4/28, 39, 23, , 30, , 
2016/4/29, 44, 18, , 29, , 
2016/4/30, 45, 16, , 17, , 
2016/5/1, 41, 20, , 27, , 
2016/5/2, 42, 19, , 13, , 
2016/5/3, 39, 29, , 39, , 
2016/5/4, 56, 29, , 39, , 
2016/5/5, 58, 36, , 53, , 
2016/5/6, 62, 32, , 47, , 
2016/5/7, 63, 33, , 47, , 
2016/5/8, 63, 28, , 40, , 
2016/5/9, 57, 26, , 37, , 
2016/5/10, 58, 32, , 38, , 
2016/5/11, 75, 31, , 42, , 
2016/5/12, 67, 45, , 18, , 
2016/5/13, 118, 29, , 19, , 
2016/5/14, 54, 21, , 20, , 
2016/5/15, 47, 21, , , , 
2016/5/16, 48, 25, , 19, , 
2016/5/17, 55, 31, , 39, , 
2016/5/18, 55, 16, , 15, , 
2016/5/19, 42, 25, , 35, , 
2016/5/20, 56, 28, , 39, , 
2016/5/21, 63, 22, , 34, , 
2016/5/22, 59, 12, , 15, , 
2016/5/23, 35, 25, , 28, , 
2016/5/24, 53, 39, , 38, , 
2016/5/25, 68, 38, , 40, , 
2016/5/26, 75, 34, , 34, , 
2016/5/27, 74, 30, , 44, , 
2016/5/28, 71, 42, , 20, , 
2016/5/29, 109, 21, , 14, , 
2016/5/30, 63, 9, , 15, , 
2016/5/31, 33, 25, , 17, , 
2016/6/1, 70, 17, , 14, , 
2016/6/2, 56, 17, , 18, , 
2016/6/3, 50, 22, , 15, , 
2016/6/4, 64, 32, , 18, , 
2016/6/5, 88, 46, , 37, , 
2016/6/6, 110, 35, , 27, , 
2016/6/7, 86, 38, , 21, , 
2016/6/8, 83, 37, , 31, , 
2016/6/9, 74, 43, , 52, , 
2016/6/10, 76, 30, , 42, , 
2016/6/11, 62, 23, , 20, , 
2016/6/12, 62, 14, , 11, , 
2016/6/13, 36, 15, , 16, , 
2016/6/14, 35, 16, , 20, , 
2016/6/15, 36, 25, , 34, , 
2016/6/16, 55, 22, , 28, , 
2016/6/17, 46, 16, , 13, , 
2016/6/18, 43, 21, , 14, , 
2016/6/19, 51, 22, 8, 25, , 
2016/6/20, 50, 19, 11, 19, , 
2016/6/21, 42, 33, 14, 39, , 
2016/6/22, 65, 27, 38, 39, 1, 
2016/6/23, 57, 19, 27, 16, , 
2016/6/24, 46, 14, 24, 12, , 
2016/6/25, 35, 11, 16, 6, , 
2016/6/26, 27, 16, , 18, , 
2016/6/27, 39, 20, , 23, , 
2016/6/28, 44, 17, , 16, , 
2016/6/29, 31, 21, , 24, , 
2016/6/30, 45, 16, , 21, , 
2016/1/4, 47, 20, , 34, , 
2016/1/5, 50, 18, , 27, , 
2016/1/6, 45, 18, , 23, , 
2016/1/7, 45, 38, , 44, , 
2016/1/8, 72, 27, , 37, , 
2016/1/9, 64, 14, , 31, , 
2016/1/10, 39, 14, , 32, , 
2016/1/11, 41, 10, , 14, , 
2016/1/12, 25, 22, , 21, , 
2016/1/13, 43, 21, , 28, , 
2016/1/14, 47, 12, , 14, , 
2016/1/15, 27, 21, , 20, , 
2016/1/16, 47, 37, , 33, , 
2016/1/17, 70, 36, , 39, , 
2016/1/18, 74, 51, , 40, , 
2016/1/19, 110, 58, , 40, , 
2016/1/20, 135, 58, , 43, , 
2016/1/21, 139, 51, , 43, , 
2016/1/22, 109, 34, , 37, , 
2016/1/23, 72, 38, , 37, , 
2016/1/24, 85, 50, , 39, , 
2016/1/25, 92, 39, , 31, , 
2016/1/26, 75, 20, , 21, , 
2016/1/27, 46, 24, , 23, , 
2016/1/28, 44, 33, , 36, , 
2016/1/29, 54, 10, , 16, , 
2016/1/30, 28, 11, , 24, , 
2016/1/31, 35, 20, , 17, , 
2016/2/1, 37, 15, , 20, , 
2016/2/2, 33, 14, , 14, , 
2016/2/3, 32, 16, , 22, , 
2016/2/4, 41, 21, , 28, , 
2016/2/5, 49, 33, , 38, , 
2016/2/6, 61, 16, , 19, , 
2016/2/7, 37, 15, , 14, , 
2016/2/8, 33, 14, , 21, , 
2016/2/9, 32, 11, , 15, , 
2016/2/10, 25, 25, , 34, , 
2016/2/11, 50, 26, , 41, , 
2016/2/12, 62, 25, , 39, , 
2016/2/13, 63, 12, , 15, , 
2016/2/14, 39, 16, , 19, , 
2016/2/15, 41, 30, , 34, , 
2016/2/16, 59, 48, , 42, , 
2016/2/17, 95, 45, , 40, , 
2016/2/18, 98, 32, , 36, , 
2016/2/19, 62, 14, , 21, , 
2016/2/20, 35, 8, , 13, , 
2016/2/21, 21, 16, , 20, , 
2016/2/22, 35, 14, , 21, , 
2016/2/23, 31, 41, , 48, , 
2016/2/24, 81, 37, , 35, , 
2016/2/25, 76, 57, , 56, , 
2016/2/26, 118, 41, , 34, , 
2016/2/27, 91, 36, , 27, , 
2016/2/28, 91, 31, , 26, , 
2016/2/29, 71, 35, , 35, , 
2016/3/1, 73, 11, , 13, , 
2016/3/2, 25, 16, , 14, , 
2016/3/3, 32, 23, , 38, , 
2016/3/4, 52, 16, , 24, , 
2016/3/5, 49, 14, , 11, , 
2016/3/6, 43, 15, , 20, , 
2016/3/7, 44, 21, , 24, , 
2016/3/8, 48, 29, , 40, , 
2016/3/9, 60, 36, , 41, , 
2016/3/10, 70, 48, , 31, , 
2016/3/11, 115, 53, , 38, , 
2016/3/12, 131, 45, , 32, , 
2016/3/13, 108, 42, , 35, , 
2016/3/14, 89, 47, , 40, , 
2016/3/15, 95, 42, , 31, , 
2016/3/16, 94, 44, , 36, , 
2016/3/17, 92, 59, , 32, , 
2016/3/18, 145, 40, , 32, , 
2016/3/19, 91, 35, , 30, , 
2016/3/20, 76, 33, , 37, , 
2016/3/21, 67, 37, , 42, , 
2016/3/22, 76, 32, , 31, , 
2016/3/23, 73, 35, , 20, , 
2016/3/24, 81, 28, , 27, , 
2016/3/25, 68, 31, , 39, , 
2016/3/26, 67, 13, , 18, , 
2016/3/27, 35, 13, , 13, , 
2016/3/28, 31, 18, , 26, , 
2016/3/29, 39, 21, , 32, , 
2016/3/30, 47, 18, , 35, , 
2016/3/31, 52, 38, , 28, , 
2015/10/1, 65, 38, , 47, , 
2015/10/2, 71, 43, , 45, , 
2015/10/3, 89, 45, , 39, , 
2015/10/4, 99, 27, , 35, , 
2015/10/5, 63, 23, , 35, , 
2015/10/6, 58, 15, , 17, , 
2015/10/7, 37, 23, , 26, , 
2015/10/8, 45, 38, , 43, , 
2015/10/9, 77, 39, , 32, , 
2015/10/10, 91, 36, , 29, , 
2015/10/11, 92, 45, , 31, , 
2015/10/12, 101, 40, , 25, , 
2015/10/13, 93, 34, , 27, , 
2015/10/14, 86, 29, , 29, , 
2015/10/15, 80, 43, , 36, , 
2015/10/16, 110, 33, , 24, , 
2015/10/17, 78, 31, , 34, , 
2015/10/18, 79, 46, , 36, , 
2015/10/19, 112, 43, , 34, , 
2015/10/20, 106, 29, , 34, , 
2015/10/21, 66, 16, , 23, , 
2015/10/22, 45, 27, , 41, , 
2015/10/23, 60, 29, , 33, , 
2015/10/24, 67, 30, , 29, , 
2015/10/25, 69, 40, , 38, , 
2015/10/26, 88, 43, , 49, , 
2015/10/27, 84, 28, , 38, , 
2015/10/28, 68, 35, , 41, , 
2015/10/29, 69, 38, , 39, , 
2015/10/30, 82, 43, , 35, , 
2015/10/31, 103, 47, , 41, , 
2015/11/1, 110, 44, , 37, , 
2015/11/2, 101, 36, , 46, , 
2015/11/3, 79, 29, , 40, , 
2015/11/4, 64, 35, , 41, , 
2015/11/5, 75, 21, , 27, , 
2015/11/6, 51, 26, , 29, , 
2015/11/7, 65, 26, , 29, , 
2015/11/8, 67, 24, , 23, , 
2015/11/9, 52, 30, , 36, , 
2015/11/10, 63, 31, , 31, , 
2015/11/11, 79, 46, , 43, , 
2015/11/12, 104, 25, , 21, , 
2015/11/13, 53, 25, , 26, , 
2015/11/14, 48, 24, , 22, , 
2015/11/15, 53, 24, , 24, , 
2015/11/16, 52, 13, , 18, , 
2015/11/17, 34, 25, , 22, , 
2015/11/18, 54, 15, , 22, , 
2015/11/19, 44, 14, , 26, , 
2015/11/20, 42, 10, , 10, , 
2015/11/21, 26, 14, , 15, , 
2015/11/22, 39, 41, , 48, , 
2015/11/23, 84, 28, , 37, , 
2015/11/24, 73, 12, , 21, , 
2015/11/25, 34, 40, , 41, , 
2015/11/26, 80, 51, , 45, , 
2015/11/27, 115, 17, , 19, , 
2015/11/28, 37, 17, , 12, , 
2015/11/29, 43, 13, , 15, , 
2015/11/30, 33, 22, , 27, , 
2015/12/1, 44, 38, , 50, , 
2015/12/2, 69, 44, , 46, , 
2015/12/3, 86, 28, , 30, , 
2015/12/4, 56, 34, , 36, , 
2015/12/5, 75, 32, , 30, , 
2015/12/6, 77, 43, , 43, , 
2015/12/7, 87, 34, , 41, , 
2015/12/8, 74, 39, , 37, , 
2015/12/9, 70, 31, , 35, , 
2015/12/10, 67, 31, , 34, , 
2015/12/11, 69, 22, , 30, , 
2015/12/12, 57, 28, , 32, , 
2015/12/13, 76, 46, , 39, , 
2015/12/14, 104, 41, , 44, , 
2015/12/15, 92, 41, , 30, , 
2015/12/16, 75, 46, , 40, , 
2015/12/17, 84, 49, , 33, , 
2015/12/18, 94, 47, , 39, , 
2015/12/19, 97, 33, , 32, , 
2015/12/20, 72, 20, , 22, , 
2015/12/21, 45, 23, , 25, , 
2015/12/22, 56, 26, , 30, , 
2015/12/23, 61, 26, , 28, , 
2015/12/24, 66, 26, , 32, , 
2015/12/25, 64, 34, , 40, , 
2015/12/26, 81, 35, , 41, , 
2015/12/27, 86, 38, , 44, , 
2015/12/28, 86, 29, , 43, , 
2015/12/29, 65, 29, , 42, , 
2015/12/30, 63, , , , , 
2016/1/2, 51, 16, , 29, , 
2016/1/3, 46, 23, , 32, , 
2015/7/1, 78, 35, , 32, , 
2015/7/2, 73, 35, , 50, , 
2015/7/3, 74, 38, , 48, , 
2015/7/4, 82, 19, , 16, , 
2015/7/5, 46, 29, , 45, , 
2015/7/6, 62, 23, , , , 
2015/7/7, 55, 14, , 7, , 
2015/7/8, 32, 22, , 20, , 
2015/7/9, 52, 31, , 52, , 
2015/7/10, 64, 25, , 24, , 
2015/7/11, 57, 17, , 10, , 
2015/7/12, 46, 15, , 8, , 
2015/7/13, 41, 12, , 7, , 
2015/7/14, 38, 25, , 30, , 
2015/7/15, 59, 34, , 56, , 
2015/7/16, 71, 23, , 21, , 
2015/7/17, 50, 20, , 30, , 
2015/7/18, 52, 18, , 16, , 
2015/7/19, 54, 19, , 22, , 
2015/7/20, 46, 23, , 22, , 
2015/7/21, 50, 18, , 15, , 
2015/7/22, 43, 21, , 16, , 
2015/7/23, 41, 31, , 41, , 
2015/7/24, 63, 13, , 4, , 
2015/7/25, 31, 24, , 34, , 
2015/7/26, 59, 13, , 9, , 
2015/7/27, 36, 16, , 11, , 
2015/7/28, 37, 14, , 6, , 
2015/7/29, 32, 16, , 11, , 
2015/7/30, 37, 28, , 40, , 
2015/7/31, 59, 23, , 19, , 
2015/8/1, 50, 26, , 41, , 
2015/8/2, 60, 29, , 43, , 
2015/8/3, 61, 18, , 12, , 
2015/8/4, 40, 30, , 47, , 
2015/8/5, 63, 24, , 26, , 
2015/8/6, 54, 25, , 23, , 
2015/8/7, 48, 22, , 31, , 
2015/8/8, 54, 26, , 27, , 
2015/8/9, 65, 18, , 20, , 
2015/8/10, 41, 25, , 27, , 
2015/8/11, 56, 36, , 43, , 
2015/8/12, 76, 33, , 34, , 
2015/8/13, 75, 20, , 30, , 
2015/8/14, 50, 13, , 4, , 
2015/8/15, 36, 21, , 20, , 
2015/8/16, 47, 22, , 25, , 
2015/8/17, 52, 29, , 33, , 
2015/8/18, 65, 30, , 34, , 
2015/8/19, 67, 25, , 27, , 
2015/8/20, 65, 30, , 42, , 
2015/8/21, 70, 26, , 45, , 
2015/8/22, 61, 19, , 31, , 
2015/8/23, 49, 17, , 25, , 
2015/8/24, 48, 24, , 27, , 
2015/8/25, 50, 23, , 32, , 
2015/8/26, 54, 21, , 39, , 
2015/8/27, 58, 27, , 39, , 
2015/8/28, 68, 28, , 42, , 
2015/8/29, 69, 33, , 50, , 
2015/8/30, 74, 33, , 28, , 
2015/8/31, 70, 13, , 11, , 
2015/9/1, 39, 17, , 16, , 
2015/9/2, 46, 14, , 12, , 
2015/9/3, 35, 12, , 11, , 
2015/9/4, 33, 14, , 11, , 
2015/9/5, 40, 19, , 18, , 
2015/9/6, 44, 29, , 28, , 
2015/9/7, 57, 28, , 31, , 
2015/9/8, 61, 29, , 34, , 
2015/9/9, 64, 34, , 44, , 
2015/9/10, 66, 37, , 54, , 
2015/9/11, 68, 29, , 41, , 
2015/9/12, 75, 24, , 30, , 
2015/9/13, 64, 18, , 24, , 
2015/9/14, 42, 20, , 31, , 
2015/9/15, 46, 23, , 34, , 
2015/9/16, 55, 27, , 22, , 
2015/9/17, 53, 28, , 39, , 
2015/9/18, 61, 18, , 15, , 
2015/9/19, 42, 28, , 38, , 
2015/9/20, 60, 33, , 38, , 
2015/9/21, 70, 14, , 18, , 
2015/9/22, 34, 16, , 14, , 
2015/9/23, 34, 28, , 36, , 
2015/9/24, 60, 26, , 26, , 
2015/9/25, 58, 32, , 31, , 
2015/9/26, 63, 26, , 26, , 
2015/9/27, 58, 24, , 32, , 
2015/9/28, 55, , , 32, , 
2015/9/30, 63, 33, , 35, , 
2015/4/1, 38, 20, , 25, , 
2015/4/2, 43, 33, , 39, , 
2015/4/3, 73, 22, , 22, , 
2015/4/4, 62, 30, , 32, , 
2015/4/5, 70, 34, , 29, , 
2015/4/6, 79, 42, , 46, , 
2015/4/7, 88, 50, , 50, , 
2015/4/8, 106, 52, , 57, , 
2015/4/9, 104, 43, , 47, , 
2015/4/10, 79, 16, , 16, , 
2015/4/11, 41, 26, , 26, , 
2015/4/12, 60, 29, , 31, , 
2015/4/13, 54, 41, , 51, , 
2015/4/14, 68, 44, , 47, , 
2015/4/15, 65, 56, , 62, , 
2015/4/16, 79, 46, , 38, , 
2015/4/17, 80, 30, , 27, , 
2015/4/18, 54, 29, , 29, , 
2015/4/19, 59, 39, , 39, , 
2015/4/20, 71, 46, , 34, , 
2015/4/21, 84, 41, , 30, , 
2015/4/22, 76, 46, , 44, , 
2015/4/23, 83, 47, , 44, , 
2015/4/24, 91, 25, , 28, , 
2015/4/25, 57, 21, , 29, , 
2015/4/26, 53, 25, , 17, , 
2015/4/27, 57, 21, , 16, , 
2015/4/28, 43, 30, , 33, , 
2015/4/29, 55, 18, , 35, , 
2015/4/30, 53, 16, , 30, , 
2015/5/1, 48, 26, , 38, , 
2015/5/2, 65, 15, , 22, , 
2015/5/3, 38, 28, , 37, , 
2015/5/4, 59, 27, , 25, , 
2015/5/5, 46, 28, , 22, , 
2015/5/6, 42, 31, , 36, , 
2015/5/7, 53, 29, , 35, , 
2015/5/8, 59, 17, , 14, , 
2015/5/9, 39, 26, , 29, , 
2015/5/10, 55, 35, , 46, , 
2015/5/11, 65, 28, , 19, , 
2015/5/12, 53, 32, , 45, , 
2015/5/13, 57, 26, , 24, , 
2015/5/14, 54, 27, , 18, , 
2015/5/15, 56, 20, , 13, , 
2015/5/16, 52, 24, , 11, , 
2015/5/17, 50, 29, , 26, , 
2015/5/18, 45, 23, , 16, , 
2015/5/19, 34, 16, , 10, , 
2015/5/20, 28, 25, , 20, , 
2015/5/21, 51, 30, , 21, , 
2015/5/22, 58, 21, , 20, , 
2015/5/23, 50, 23, , 15, , 
2015/5/24, 57, 15, , 8, , 
2015/5/25, 37, 26, , 19, , 
2015/5/26, 54, 28, , 27, , 
2015/5/27, 59, 20, , 17, , 
2015/5/28, 44, 22, , 16, , 
2015/5/29, 49, 17, , 13, , 
2015/5/30, 33, 23, , 22, , 
2015/5/31, 56, 24, , 19, , 
2015/6/1, 50, 26, , 18, , 
2015/6/2, 47, 25, , 17, , 
2015/6/3, 46, 38, , 47, , 
2015/6/4, 69, 40, , 44, , 
2015/6/5, 75, 20, , 13, , 
2015/6/6, 42, 26, , 24, , 
2015/6/7, 51, 31, , 26, , 
2015/6/8, 53, 35, , 25, , 
2015/6/9, 59, 35, , 31, , 
2015/6/10, 60, 37, , 45, , 
2015/6/11, 73, 33, , 37, , 
2015/6/12, 65, 21, , 20, , 
2015/6/13, 53, 21, , 20, , 
2015/6/14, 51, 35, , 28, , 
2015/6/15, 76, 29, , 25, , 
2015/6/16, 51, 30, , 21, , 
2015/6/17, 53, 14, , 8, , 
2015/6/18, 35, 29, , 18, , 
2015/6/19, 61, 21, , 10, , 
2015/6/20, 50, 14, , 4, , 
2015/6/21, 36, 22, , 13, , 
2015/6/22, 46, 20, , 15, , 
2015/6/23, 47, 35, , 41, , 
2015/6/24, 70, 32, , 42, , 
2015/6/25, 69, 37, , 49, , 
2015/6/26, 71, 15, , 8, , 
2015/6/27, 42, 24, , 23, , 
2015/6/28, 52, 22, , 23, , 
2015/6/29, 46, 36, , 61, , 
2015/6/30, 65, 40, , 68, , 
2015/1/1, 142, 39, , 39, , 
2015/1/2, 85, 17, , 24, , 
2015/1/3, 51, 34, , 43, , 
2015/1/4, 82, 46, , 46, , 
2015/1/5, 102, 40, , 34, , 
2015/1/6, 88, 39, , 40, , 
2015/1/7, 86, 21, , 27, , 
2015/1/8, 56, 10, , 22, , 
2015/1/9, 31, 8, , 10, , 
2015/1/10, 19, 18, , 10, , 
2015/1/11, 35, 23, , 24, , 
2015/1/12, 40, 21, , 27, , 
2015/1/13, 51, 20, , 28, , 
2015/1/14, 42, 19, , 26, , 
2015/1/15, 42, 33, , 44, , 
2015/1/16, 65, 35, , 31, , 
2015/1/17, 77, 36, , 38, , 
2015/1/18, 77, 30, , 32, , 
2015/1/19, 67, 55, , 49, , 
2015/1/20, 123, 48, , 43, , 
2015/1/21, 92, 53, , 31, , 
2015/1/22, 131, 55, , 28, , 
2015/1/23, 132, 31, , 24, , 
2015/1/24, 70, 37, , 30, , 
2015/1/25, 72, 18, , 22, , 
2015/1/26, 47, 27, , 23, , 
2015/1/27, 56, 21, , 25, , 
2015/1/28, 45, 14, , 23, , 
2015/1/29, 31, 19, , 30, , 
2015/1/30, 44, 12, , 18, , 
2015/1/31, 41, 13, , 10, , 
2015/2/1, 41, 20, , 17, , 
2015/2/2, 44, 45, , 43, , 
2015/2/3, 75, 38, , 32, , 
2015/2/4, 77, 42, , 26, , 
2015/2/5, 74, 45, , 26, , 
2015/2/6, 97, 44, , 24, , 
2015/2/7, 99, 36, , 27, , 
2015/2/8, 60, 48, , 32, , 
2015/2/9, 85, 43, , 21, , 
2015/2/10, 82, 63, , 39, , 
2015/2/11, 105, 77, , 51, , 
2015/2/12, 160, 53, , 45, , 
2015/2/13, 109, 26, , 45, , 
2015/2/14, 63, 31, , 35, , 
2015/2/15, 67, 51, , 46, , 
2015/2/16, 107, 31, , 25, , 
2015/2/17, 68, 55, , 40, , 
2015/2/18, 113, 54, , 40, , 
2015/2/19, 119, 22, , 29, , 
2015/2/20, 59, 14, , 17, , 
2015/2/21, 45, 22, , 27, , 
2015/2/22, 55, 16, , 20, , 
2015/2/23, 38, 24, , 24, , 
2015/2/24, 48, 41, , 53, , 
2015/2/25, 81, 27, , 37, , 
2015/2/26, 70, 23, , 18, , 
2015/2/27, 48, 35, , 39, , 
2015/2/28, 69, 17, , 13, , 
2015/3/1, 37, 15, , 11, , 
2015/3/2, 29, 39, , 27, , 
2015/3/3, 62, , , 16, , 
2015/3/5, 67, 60, , 60, , 
2015/3/6, 98, 59, , 54, , 
2015/3/7, 118, 49, , 39, , 
2015/3/8, 110, 45, , 41, , 
2015/3/9, 88, 38, , 33, , 
2015/3/10, 80, 55, , 44, , 
2015/3/11, 107, 42, , 45, , 
2015/3/12, 78, 48, , 50, , 
2015/3/13, 92, 48, , 33, , 
2015/3/14, 104, 46, , 27, , 
2015/3/15, 113, 54, , 44, , 
2015/3/16, 120, 66, , 58, , 
2015/3/17, 140, 73, , 33, , 
2015/3/18, 159, 53, , 33, , 
2015/3/19, 117, 77, , 34, , 
2015/3/20, 165, 49, , 26, , 
2015/3/21, 110, 28, , 26, , 
2015/3/22, 64, 43, , 38, , 
2015/3/23, 90, 35, , 35, , 
2015/3/24, 79, 25, , 24, , 
2015/3/25, 58, 34, , 38, , 
2015/3/26, 71, 25, , 21, , 
2015/3/27, 49, 20, , 26, , 
2015/3/28, 51, 9, , 11, , 
2015/3/29, 28, 12, , 9, , 
2015/3/30, 31, 18, , 6, , 
2015/3/31, 32, 19, , 8, , 
2014/10/1, 87, 38, , 47, , 
2014/10/2, 74, 45, , 59, , 
2014/10/3, 90, 35, , 35, , 
2014/10/4, 72, 20, , 25, , 
2014/10/5, 42, 32, , 41, , 
2014/10/6, 70, 21, , 33, , 
2014/10/7, 51, 24, , 41, , 
2014/10/8, 60, 27, , 34, , 
2014/10/9, 57, 41, , 44, , 
2014/10/10, 82, 27, , 28, , 
2014/10/11, 66, 31, , 32, , 
2014/10/12, 75, 19, , 30, , 
2014/10/13, 43, 25, , 40, , 
2014/10/14, 55, 48, , 49, , 
2014/10/15, 91, 38, , 36, , 
2014/10/16, 59, 29, , 44, , 
2014/10/17, 60, 35, , 46, , 
2014/10/18, 75, 25, , 26, , 
2014/10/19, 59, 18, , 20, , 
2014/10/20, 43, 20, , 18, , 
2014/10/21, 45, 25, , 17, , 
2014/10/22, 46, 28, , 22, , 
2014/10/23, 53, 41, , 48, , 
2014/10/24, 76, 49, , 46, , 
2014/10/25, 107, 40, , 33, , 
2014/10/26, 93, 50, , 42, , 
2014/10/27, 116, 38, , 35, , 
2014/10/28, 88, 48, , 44, , 
2014/10/29, 108, 53, , 51, , 
2014/10/30, 108, 49, , 53, , 
2014/10/31, 98, 38, , 37, , 
2014/11/1, 82, 24, , 24, , 
2014/11/2, 60, 23, , 34, , 
2014/11/3, 46, 30, , 42, , 
2014/11/4, 71, 22, , 24, , 
2014/11/5, 50, 42, , 46, , 
2014/11/6, 85, 25, , 34, , 
2014/11/7, 54, 34, , 33, , 
2014/11/8, 65, 28, , 28, , 
2014/11/9, 62, 36, , 37, , 
2014/11/10, 76, 30, , 34, , 
2014/11/11, 70, 33, , 39, , 
2014/11/12, 65, 33, , 32, , 
2014/11/13, 68, 33, , 37, , 
2014/11/14, 74, 33, , 36, , 
2014/11/15, 74, 21, , 29, , 
2014/11/16, 58, 30, , 42, , 
2014/11/17, 69, 37, , 40, , 
2014/11/18, 82, 44, , 35, , 
2014/11/19, 94, 41, , 33, , 
2014/11/20, 85, 51, , 36, , 
2014/11/21, 108, 52, , 40, , 
2014/11/22, 109, 46, , 34, , 
2014/11/23, 98, 31, , 35, , 
2014/11/24, 58, 41, , 34, , 
2014/11/25, 85, 41, , 35, , 
2014/11/26, 91, 39, , 39, , 
2014/11/27, 84, 35, , 39, , 
2014/11/28, 75, 50, , 31, , 
2014/11/29, 114, 40, , 24, , 
2014/11/30, 97, 33, , 25, , 
2014/12/1, 77, 32, , 25, , 
2014/12/2, 75, 46, , 30, , 
2014/12/3, 109, 49, , 34, , 
2014/12/4, 101, 33, , 22, , 
2014/12/5, 76, 30, , 24, , 
2014/12/6, 66, 37, , 39, , 
2014/12/7, 82, 28, , 37, , 
2014/12/8, 62, 36, , 33, , 
2014/12/9, 66, 21, , 30, , 
2014/12/10, 49, 21, , 25, , 
2014/12/11, 43, 14, , 27, , 
2014/12/12, 37, 20, , 43, , 
2014/12/13, 57, 43, , 43, , 
2014/12/14, 104, 37, , 44, , 
2014/12/15, 91, 26, , 30, , 
2014/12/16, 63, 13, , 27, , 
2014/12/17, 37, 9, , 20, , 
2014/12/18, 27, 13, , 20, , 
2014/12/19, 25, 16, , 17, , 
2014/12/20, 36, 18, , 26, , 
2014/12/21, 45, 16, , 24, , 
2014/12/22, 40, 23, , 32, , 
2014/12/23, 54, 24, , 23, , 
2014/12/24, 60, 16, , 14, , 
2014/12/25, 37, 38, , 45, , 
2014/12/26, 79, 11, , 9, , 
2014/12/27, 29, 27, , 23, , 
2014/12/28, 70, , , , , 
2014/7/1, 55, 27, , 41, , 
2014/7/2, 57, 29, , 51, , 
2014/7/3, 61, 35, , 56, , 
2014/7/4, 68, 18, , 20, , 
2014/7/5, 38, 16, , 18, , 
2014/7/6, 31, 29, , 38, , 
2014/7/7, 63, 16, , 26, , 
2014/7/8, 44, 16, , 12, , 
2014/7/9, 43, 13, , 11, , 
2014/7/10, 33, 14, , 16, , 
2014/7/11, 47, 18, , 12, , 
2014/7/12, 57, 14, , 13, , 
2014/7/13, 42, 17, , 7, , 
2014/7/14, 42, 32, , 34, , 
2014/7/15, 76, 37, , 55, , 
2014/7/16, 76, 36, , 51, , 
2014/7/17, 71, 41, , 73, , 
2014/7/18, 79, 35, , 44, , 
2014/7/19, 76, 19, , 23, , 
2014/7/20, 55, 20, , 11, , 
2014/7/21, 52, 23, , 21, , 
2014/7/22, 62, 36, , 41, , 
2014/7/23, 87, 33, , 47, , 
2014/7/24, 71, 29, , 42, , 
2014/7/25, 63, 24, , 18, , 
2014/7/26, 66, 23, , 18, , 
2014/7/27, 63, 17, , 24, , 
2014/7/28, 50, 16, , 12, , 
2014/7/29, 46, 22, , 21, , 
2014/7/30, 50, 26, , 31, , 
2014/7/31, 54, 32, , 53, , 
2014/8/1, 68, 23, , 32, , 
2014/8/2, 57, 15, , 25, , 
2014/8/3, 44, 17, , 29, , 
2014/8/4, 46, 24, , 39, , 
2014/8/5, 56, 28, , 41, , 
2014/8/6, 68, 26, , 39, , 
2014/8/7, 73, 23, , 33, , 
2014/8/8, 61, 19, , 25, , 
2014/8/9, 44, 14, , 17, , 
2014/8/10, 44, 15, , 17, , 
2014/8/11, 36, 16, , 25, , 
2014/8/12, 39, 14, , 19, , 
2014/8/13, 38, 15, , 16, , 
2014/8/14, 36, 11, , 7, , 
2014/8/15, 30, 15, , 8, , 
2014/8/16, 42, 11, , 10, , 
2014/8/17, 25, 13, , 7, , 
2014/8/18, 28, 14, , 8, , 
2014/8/19, 30, 19, , 18, , 
2014/8/20, 37, 20, , 27, , 
2014/8/21, 43, 15, , 20, , 
2014/8/22, 38, 9, , 6, , 
2014/8/23, 23, 12, , 18, , 
2014/8/24, 31, 24, , 37, , 
2014/8/25, 55, 13, , 23, , 
2014/8/26, 40, 19, , 30, , 
2014/8/27, 49, 22, , 31, , 
2014/8/28, 48, 21, , 24, , 
2014/8/29, 45, 15, , 15, , 
2014/8/30, 34, 14, , 5, , 
2014/8/31, 32, 30, , 37, , 
2014/9/1, 62, 32, , 42, , 
2014/9/2, 64, 30, , 42, , 
2014/9/3, 65, 35, , 37, , 
2014/9/4, 76, 39, , 32, , 
2014/9/5, 86, 47, , 29, , 
2014/9/6, 111, 47, , 47, , 
2014/9/7, 105, 46, , 45, , 
2014/9/8, 98, 44, , 36, , 
2014/9/9, 101, 41, , 31, , 
2014/9/10, 81, 42, , 40, , 
2014/9/11, 85, 38, , 40, , 
2014/9/12, 74, 41, , 33, , 
2014/9/13, 90, 37, , 31, , 
2014/9/14, 84, 39, , 42, , 
2014/9/15, 81, 43, , 57, , 
2014/9/16, 86, 41, , 56, , 
2014/9/17, 77, 36, , 50, , 
2014/9/18, 72, 36, , 47, , 
2014/9/19, 72, 27, , 38, , 
2014/9/20, 65, 24, , 25, , 
2014/9/21, 63, 42, , 31, , 
2014/9/22, 90, 55, , 45, , 
2014/9/23, 119, 47, , 25, , 
2014/9/24, 111, 26, , 26, , 
2014/9/25, 52, 37, , 45, , 
2014/9/26, 63, 33, , 45, , 
2014/9/27, 69, 30, , 40, , 
2014/9/28, 66, 33, , 46, , 
2014/9/29, 77, 43, , 49, , 
2014/9/30, 92, 38, , 42, , 
2014/4/1, 95, 51, , 56, , 
2014/4/2, 86, 53, , 50, , 
2014/4/3, 80, 27, , 20, , 
2014/4/4, 59, 31, , 36, , 
2014/4/5, 59, 21, , 24, , 
2014/4/6, 43, 30, , 31, , 
2014/4/7, 51, 16, , 12, , 
2014/4/8, 24, 36, , 32, , 
2014/4/9, 57, 49, , 52, , 
2014/4/10, 84, 48, , 33, , 
2014/4/11, 96, 41, , 24, , 
2014/4/12, 89, 18, , 10, , 
2014/4/13, 42, 28, , 22, , 
2014/4/14, 53, 35, , 41, , 
2014/4/15, 59, 42, , 47, , 
2014/4/16, 71, 33, , 38, , 
2014/4/17, 59, 32, , 29, , 
2014/4/18, 55, 31, , 35, , 
2014/4/19, 61, 33, , 45, , 
2014/4/20, 67, 27, , 35, , 
2014/4/21, 56, 39, , 47, , 
2014/4/22, 71, 33, , 30, , 
2014/4/23, 66, 44, , 43, , 
2014/4/24, 94, 34, , 30, , 
2014/4/25, 80, 28, , 42, , 
2014/4/26, 65, 22, , 35, , 
2014/4/27, 47, 30, , 44, , 
2014/4/28, 62, 35, , 41, , 
2014/4/29, 72, 32, , 34, , 
2014/4/30, 75, 25, , 32, , 
2014/5/1, 59, 28, , 20, , 
2014/5/2, 63, 27, , 31, , 
2014/5/3, 55, 34, , 38, , 
2014/5/4, 73, 40, , 60, , 
2014/5/5, 77, 30, , 34, , 
2014/5/6, 53, 19, , 19, , 
2014/5/7, 30, 15, , 17, , 
2014/5/8, 32, 12, , 10, , 
2014/5/9, 29, 19, , 21, , 
2014/5/10, 40, 16, , 10, , 
2014/5/11, 29, 14, , 16, , 
2014/5/12, 27, 15, , 13, , 
2014/5/13, 28, 20, , 21, , 
2014/5/14, 43, 33, , 37, , 
2014/5/15, 63, 36, , 41, , 
2014/5/16, 69, 38, , 46, , 
2014/5/17, 77, 37, , 49, , 
2014/5/18, 72, 35, , 56, , 
2014/5/19, 61, 26, , 45, , 
2014/5/20, 49, 32, , 44, , 
2014/5/21, 65, 26, , 41, , 
2014/5/22, 57, 29, , 42, , 
2014/5/23, 58, 23, , 35, , 
2014/5/24, 54, 26, , 34, , 
2014/5/25, 57, 26, , 34, , 
2014/5/26, 56, 17, , 9, , 
2014/5/27, 45, 17, , 17, , 
2014/5/28, 38, 20, , 22, , 
2014/5/29, 44, 31, , 38, , 
2014/5/30, 66, 34, , 26, , 
2014/5/31, 77, 22, , 15, , 
2014/6/1, 54, 32, , 21, , 
2014/6/2, 68, 30, , 39, , 
2014/6/3, 58, 19, , 27, , 
2014/6/4, 37, 25, , 33, , 
2014/6/5, 49, 37, , 56, , 
2014/6/6, 68, 33, , 36, , 
2014/6/7, 64, 26, , 31, , 
2014/6/8, 55, 25, , 33, , 
2014/6/9, 55, 31, , 36, , 
2014/6/10, 62, 32, , 36, , 
2014/6/11, 58, 33, , 42, , 
2014/6/12, 58, 38, , 39, , 
2014/6/13, 70, 32, , 24, , 
2014/6/14, 52, , , 20, , 
2014/6/15, 48, 27, , 25, , 
2014/6/16, 53, 32, , 27, , 
2014/6/17, 53, 34, , 27, , 
2014/6/18, 57, 24, , 22, , 
2014/6/19, 50, 30, , 29, , 
2014/6/20, 55, 27, , 33, , 
2014/6/21, 52, 29, , 35, , 
2014/6/22, 60, 27, , 37, , 
2014/6/23, 51, 34, , 38, , 
2014/6/24, 59, 27, , 33, , 
2014/6/25, 55, 30, , 43, , 
2014/6/26, 56, 24, , 28, , 
2014/6/27, 52, 21, , 28, , 
2014/6/28, 50, 11, , 9, , 
2014/6/29, 30, 23, , 31, , 
2014/6/30, 46, 29, , 42, , 
2014/1/1, 40, 23, , 31, , 
2014/1/2, 40, 26, , 26, , 
2014/1/3, 47, 23, , 32, , 
2014/1/4, 47, 20, , 32, , 
2014/1/5, 44, 18, , 27, , 
2014/1/6, 34, 29, , 37, , 
2014/1/7, 53, 40, , 50, , 
2014/1/8, 75, 19, , 25, , 
2014/1/9, 40, 35, , 43, , 
2014/1/10, 68, 40, , 40, , 
2014/1/11, 92, 38, , 36, , 
2014/1/12, 85, 36, , 49, , 
2014/1/13, 71, 21, , 32, , 
2014/1/14, 40, 27, , 48, , 
2014/1/15, 66, 20, , 41, , 
2014/1/16, 48, 30, , 47, , 
2014/1/17, 59, 35, , 47, , 
2014/1/18, 73, 22, , 33, , 
2014/1/19, 57, 26, , 30, , 
2014/1/20, 58, 27, , 36, , 
2014/1/21, 61, 38, , 46, , 
2014/1/22, 79, 22, , 27, , 
2014/1/23, 48, 41, , 48, , 
2014/1/24, 70, 28, , 33, , 
2014/1/25, 61, 28, , 26, , 
2014/1/26, 47, 18, , 27, , 
2014/1/27, 37, 28, , 43, , 
2014/1/28, 55, 29, , 44, , 
2014/1/29, 66, 45, , 49, , 
2014/1/30, 85, 42, , 43, , 
2014/1/31, 84, 19, , 31, , 
2014/2/1, 41, 36, , 38, , 
2014/2/2, 67, 41, , 44, , 
2014/2/3, 75, 32, , 42, , 
2014/2/4, 52, 22, , 33, , 
2014/2/5, 46, 33, , 44, , 
2014/2/6, 57, 20, , 23, , 
2014/2/7, 39, 14, , 24, , 
2014/2/8, 36, 17, , 21, , 
2014/2/9, 35, 23, , 29, , 
2014/2/10, 47, 27, , 33, , 
2014/2/11, 47, 28, , 35, , 
2014/2/12, 52, 19, , 29, , 
2014/2/13, 41, 26, , 43, , 
2014/2/14, 58, 20, , 19, , 
2014/2/15, 37, 24, , 30, , 
2014/2/16, 49, 39, , 51, , 
2014/2/17, 68, 41, , 47, , 
2014/2/18, 80, 23, , 33, , 
2014/2/19, 51, 19, , 36, , 
2014/2/20, 48, 15, , 25, , 
2014/2/21, 32, 25, , 40, , 
2014/2/22, 59, 28, , 38, , 
2014/2/23, 62, 39, , 53, , 
2014/2/24, 75, 23, , 39, , 
2014/2/25, 51, 31, , 38, , 
2014/2/26, 57, 24, , 40, , 
2014/2/27, 52, 24, , 45, , 
2014/2/28, 57, 26, , 30, , 
2014/3/1, 69, 43, , 42, , 
2014/3/2, 98, 19, , 38, , 
2014/3/3, 50, 29, , 32, , 
2014/3/4, 65, 52, , 58, , 
2014/3/5, 97, 62, , 67, , 
2014/3/6, 122, 61, , 56, , 
2014/3/7, 128, 61, , 52, , 
2014/3/8, 142, 54, , 60, , 
2014/3/9, 116, 63, , 54, , 
2014/3/10, 134, 73, , 34, , 
2014/3/11, 163, 80, , 60, , 
2014/3/12, 164, 82, , 74, , 
2014/3/13, 163, 85, , 42, , 
2014/3/14, 171, 45, , 11, , 
2014/3/15, 99, 20, , 11, , 
2014/3/16, 47, 34, , 24, , 
2014/3/17, 76, 26, , 15, , 
2014/3/18, 58, 27, , 35, , 
2014/3/19, 50, , , 42, , 
2014/3/21, 31, 12, , 18, , 
2014/3/22, 26, 12, , 11, , 
2014/3/23, 22, 32, , 41, , 
2014/3/24, 66, 35, , 53, , 
2014/3/25, 76, 39, , 38, , 
2014/3/26, 87, 49, , 58, , 
2014/3/27, 109, 54, , 59, , 
2014/3/28, 122, 42, , 52, , 
2014/3/29, 95, 46, , 59, , 
2014/3/30, 89, 53, , 55, , 
2014/3/31, 97, 56, , 60, , 
2025/12/31, , 41, , 18, , 
2025/8/28, , 17, , 20, , 
2025/4/2, , 38, , 32, , 
2025/4/3, , 36, , 36, , 
2024/12/31, , 12, , 8, , 
2024/10/30, , 22, , 18, , 
2024/5/12, , 38, , 26, , 
2024/3/3, , 26, , 58, , 
2024/3/6, , 33, , 31, , 
2023/12/13, , 17, , 16, , 
2022/6/1, , 35, , 32, , 
2021/6/1, , 31, , 39, , 
2021/6/2, , 38, , 34, , 
2020/11/9, , 25, , 33, , 
2020/7/8, , 24, , 10, , 
2020/3/31, , 26, , 19, , 
2020/6/29, , 21, , 17, , 
2019/12/31, , 35, , 24, , 
2019/6/12, , 25, , 31, , 
2018/12/31, , 13, , 11, , 
2019/3/14, , 14, , 8, , 
2018/2/14, , 21, , 29, , 4
2017/10/17, , 44, , 44, , 
2017/1/15, , 31, , 25, , 
2017/3/2, , 39, , 46, , 
2016/1/1, , 18, , 28, , 
2015/9/29, , 36, , 33, , 
2014/12/31, , 69, , 46, , 
2015/3/4, , 39, , 31, , 
2013/12/31, , 17, , 29, , 
2014/3/20, , 15, , 26, , 
2018/2/13, , , , 32, , 4
2020/11/8, , , , , , 